Z,n_contrib,side,cenx_def,ceny_def,cenz_def,N_A,Vx_A,Vy_A,Mx_A,My_A,Mz_A,N_B,Vx_B,Vy_B,Mx_B,My_B,Mz_B
0.0,400,right,0.0,0.0,-2.2779669969770844e-42,4.951594689828198e-13,-4.85293698204714e-06,-1.113186209877881e-06,-5.259285320088206e-05,-0.00047385073767347796,4.553432378986755e-05,0.0,-4.852937e-06,-1.11319e-06,-5.2592852440400074e-05,-0.00047385069069560656,4.5534322041942126e-05
10.0,400,left,-0.27605163977165853,0.03347296914285865,9.994923141328925,-1.8633983245308627e-12,-4.8529371565742e-06,-1.113190080573312e-06,-6.371910023302556e-05,-0.0004253460057484549,4.5064583792251616e-05,0.0,-4.852937e-06,-1.11319e-06,-6.371910093209602e-05,-0.00042534595837089516,4.506458190661148e-05
20.0,400,left,-1.0670831607392997,0.14133595976947752,19.962028182012943,6.645795025406187e-13,-4.852937079857789e-06,-1.1131901861416438e-06,-7.481438039489152e-05,-0.00037697627213360895,4.36605634462446e-05,0.0,-4.852937e-06,-1.11319e-06,-7.481438259233506e-05,-0.0003769762255360732,4.366056122964293e-05
30.0,400,left,-2.313215360168583,0.3344066909029464,29.881432082380883,-5.066891350935521e-12,-4.852936920041184e-06,-1.1131899862182326e-06,-8.585656087405449e-05,-0.00032883802701608785,4.133642068036797e-05,0.0,-4.852937e-06,-1.11319e-06,-8.585656382018565e-05,-0.0003288379833300333,4.133641923182559e-05
40.0,400,left,-3.9546198884317696,0.6237702118463753,39.740960917073835,-1.0627054791711998e-12,-4.85293729979297e-06,-1.1131896564542387e-06,-9.683208812248419e-05,-0.00028099034699442365,3.810496305686335e-05,0.0,-4.852937e-06,-1.11319e-06,-9.683209272367749e-05,-0.000280990311045585,3.8104961187771655e-05
50.0,400,left,-5.9321054190643565,1.020873802259934,49.534993442622095,-3.255173908200959e-13,-4.852937284915981e-06,-1.113190147075671e-06,-0.00010773470827904885,-0.00023346052897851242,3.397652649997655e-05,0.0,-4.852937e-06,-1.11319e-06,-0.00010773471179079256,-0.00023346048822314838,3.3976525363175965e-05
60.0,400,left,-8.187427686265677,1.5376093101895545,59.2633079196796,2.4780177909633494e-13,-4.852937368404753e-06,-1.1131898673966134e-06,-0.00011856417071008725,-0.00018624963837154937,2.8958244087804066e-05,0.0,-4.852937e-06,-1.11319e-06,-0.0001185641741835082,-0.0001862495909498004,2.895823830290467e-05
70.0,400,left,-10.663392823589735,2.1863800356210756,68.92995687752716,-1.2576606422953773e-12,-4.8529384302220535e-06,-1.113190285728649e-06,-0.00012932498514305212,-0.00013933800456109556,2.305357903575254e-05,0.0,-4.852937e-06,-1.11319e-06,-0.00012932499113689453,-0.0001393379525562505,2.305357521372344e-05
80.0,400,left,-13.303794852958237,2.98014634896901,78.54218184849448,2.0463630789890885e-12,-4.852938704225096e-06,-1.1131900494731894e-06,-0.00014002522229366617,-9.269049022606662e-05,1.6262212510055212e-05,0.0,-4.852937e-06,-1.11319e-06,-0.00014002522385232565,-9.269043034231928e-05,1.6262208167250928e-05
90.0,400,left,-16.05323026988132,3.9324436818272615,88.10936966218239,-2.8812507935072063e-12,-4.8529395418606125e-06,-1.1131898928207207e-06,-0.00015067531468413928,-4.626149356271021e-05,8.580117674085656e-06,0.0,-4.852937e-06,-1.11319e-06,-0.00015067532165464488,-4.626147061532412e-05,8.5801251938572e-06
100.0,400,left,-18.85682411824376,5.057369177006493,97.64204453830877,-3.638866985511413e-12,-4.852939787802768e-06,-1.1131894615545868e-06,-0.00016128699049379428,-4.8245479728534874e-12,1.7482234874077835e-12,0.0,-4.852937e-06,-1.11319e-06,-0.000161287,0.0,0.0
