case,Vx,Vy,Mx
0,-4.0755217300e-01,4.6625164500e-01,2.5529260900e+01
1,-1.2383434600e-01,-3.4600422200e-02,-6.2465057400e+01
2,7.2761235600e-02,1.8714926700e-01,-3.9149617800e+01
3,-2.3344413500e-01,-3.8014225800e-01,-4.4187946500e+01
4,-3.4652850800e-01,4.7360741600e-01,4.3693230900e+01
5,5.4065304800e-01,-5.4672638100e-04,-3.1279584300e+01
6,2.9978661800e-01,-6.4904402200e-03,4.4765638600e+01
7,2.0016485200e-01,-3.1749080100e-02,5.4584977000e+01
8,1.1885436500e-01,5.2100169000e-01,1.8158637300e+00
9,-5.6376797600e-01,5.6772151000e-01,4.5393823500e+01
10,-3.8157793500e-01,-7.4840566700e-02,3.3805387300e+01
11,-1.2253642400e-01,-2.3100327800e-01,1.8191628600e+01
12,1.5848820300e-01,2.2370061500e-01,5.9837016200e+01
13,-1.9629215600e-01,-2.4668840400e-01,4.1877518000e+01
14,2.3424255000e-01,-4.5650823700e-02,2.5431051600e+00
15,-2.4334974300e-01,-4.0691717500e-01,-3.7582212500e+01
16,-3.2695545200e-01,-8.2915201600e-02,-3.0954441000e-01
17,1.1750867900e-01,-5.7797849800e-01,-6.7914711700e+01
18,-2.3832768900e-01,1.9534446100e-01,-4.0413479600e+00
19,2.6086603500e-01,-3.3859438500e-01,3.1954065900e+01
20,4.8865921300e-01,-6.6832331400e-02,1.7574760800e+01
21,4.7930477900e-01,4.0287510300e-01,5.8397160200e+01
22,-2.3680177400e-01,-1.6224643700e-01,5.1056635200e+01
23,6.5468987400e-02,2.5927617100e-01,-3.9459997700e+01
24,-5.9591252500e-01,5.7106361000e-01,5.1257840300e+01
25,4.6273736500e-01,2.5548250100e-01,3.2305271100e+01
26,-1.9286178600e-01,7.7578880700e-02,-3.1098859400e+01
27,-5.2921344900e-01,5.9775668000e-01,4.1586097400e+01
28,-5.8055416200e-02,-3.1779669400e-01,-2.8078694600e+01
29,-2.6557801300e-01,-1.9813231100e-01,3.7858917600e+00
30,5.0486184700e-01,-4.1290427900e-01,-5.9991847100e+01
31,1.1683621400e-01,-2.8781841100e-01,-3.6693104100e+01
32,1.1240133400e-01,-4.2808099100e-01,-4.5691570900e+01
33,5.9387852700e-01,-5.1262020100e-01,-2.6216084100e+01
34,4.2299856000e-01,8.8015125300e-02,-4.6174214900e-01
35,3.9382200700e-01,4.6893770000e-01,-4.4362451800e+00
36,-2.4046078600e-01,-7.0646316200e-02,-5.2123354800e+01
37,2.7979928000e-01,-4.5616776600e-01,-3.3941249300e+01
38,-2.4549997500e-01,-2.6261905900e-01,-6.9554644700e+01
39,-4.4987152500e-01,-4.3438524500e-01,-1.6650515300e+01
40,-7.6104095300e-02,-4.3126692800e-01,1.0622231800e+01
41,4.8165783800e-01,3.1167892400e-01,-1.0178172000e+01
42,3.5377928500e-01,-1.8882839500e-01,1.6308775200e+01
43,3.6223255200e-01,-4.2769021600e-01,-3.2748252300e+01
44,3.5497125100e-01,2.2778344200e-01,4.3543095600e+01
45,6.6114021000e-02,-3.8261131700e-01,-7.1854957600e-02
46,3.2069103700e-01,3.3557157700e-01,3.6233444900e+01
47,1.7207695800e-01,4.1022657000e-02,9.2524720900e+00
48,-2.3062304200e-01,4.0043749700e-01,-8.7583493800e+00
49,6.4789539200e-02,-5.6639373900e-01,-6.6887059700e+01
50,-1.7158150200e-01,-2.3515381100e-02,-4.2908896600e+00
51,3.1255998300e-01,3.7934145200e-01,1.7298176300e+01
52,-4.4834215800e-01,1.6355599100e-01,6.2455878900e+01
53,3.4624435100e-01,4.2220317200e-01,-9.0543487800e+00
54,-5.5135683000e-02,3.7237193300e-01,-2.0102035700e+00
55,-1.2245708700e-01,9.3294595300e-03,-1.2797262800e+01
56,4.9586520200e-01,-1.1090430100e-01,-1.6262636300e+00
57,4.8839124900e-01,-1.1274563700e-01,1.5420276000e+01
58,2.3989288700e-01,5.7380556700e-01,-9.8237551400e+00
59,-5.2563412500e-01,-2.3476604600e-01,-2.7607701400e+01
60,-1.2890097900e-01,-3.8488374000e-01,-5.9139364200e+01
61,-1.9449895000e-01,-5.8871317100e-01,-1.4016747300e+00
62,-4.2109323400e-01,-4.8249646000e-01,-2.7389446500e+01
63,-4.4025601000e-01,-6.4378938900e-02,4.7715102700e+01
64,5.2425597600e-01,-4.2541082600e-01,-2.5357559000e+01
65,3.1258541300e-01,5.2616995800e-01,4.3695695500e+01
66,-7.9833401400e-02,-1.1158546000e-01,4.1838103700e+01
67,2.0670634000e-01,-1.9813796400e-01,2.1739924800e+01
68,-2.2532131800e-01,-1.1915052800e-01,-3.7981516300e+01
69,4.2078248600e-01,-5.3281049600e-01,-5.0725574900e+01
70,-1.6018682600e-01,-5.2428630000e-01,-1.0588040600e+01
71,-5.5305616300e-01,-1.3357036700e-01,-4.8784574600e+01
72,-1.8055685100e-01,-8.0046387600e-02,5.2258212800e+01
73,4.8145472500e-01,-2.7279084300e-01,-4.4922254000e+01
74,-2.7700946000e-01,-4.2331282500e-01,8.2949548000e+00
75,5.5859915100e-01,-2.0262348900e-01,-9.9671245300e+00
76,4.1026161100e-02,2.9331683200e-01,-4.7483607400e+01
77,5.7778803100e-01,8.0236421100e-02,1.9671391200e+01
78,-7.3912461700e-02,4.5285592800e-02,6.0351108900e+01
79,3.8490417800e-01,-2.6804592300e-01,-3.3347856900e+01
80,8.5881357500e-02,2.5301007300e-01,2.6333777900e+01
81,3.9811251400e-02,2.3794129000e-01,-4.9132628700e+01
82,-5.2759513300e-01,-3.8608584600e-02,3.3621696300e+01
83,4.1994649600e-02,-3.8890791300e-01,-2.8954620400e+01
84,2.7798956700e-01,-1.8413447800e-01,-3.5875685400e+01
85,3.6881941300e-01,-5.2557317600e-03,-1.8108836900e+01
86,-4.4575416800e-02,4.4440706600e-01,-2.4002287800e+01
87,-5.1181408400e-03,-2.1872710700e-02,1.5769834100e+01
88,2.5632649600e-01,3.8010281300e-01,6.2601560300e+00
89,1.8178067500e-01,-3.1187406300e-01,3.4950034700e+01
90,4.7558325000e-01,1.9833715500e-02,-2.8706400000e+01
91,1.1082925800e-01,1.3947064300e-01,6.4477522000e+01
92,-3.3466429400e-01,-7.6238949500e-02,6.0875862000e+00
93,-1.7442235700e-01,-2.5650379700e-01,2.5119380800e+01
94,5.1155921000e-01,4.1300429300e-01,2.6356294800e+01
95,1.7516073800e-01,-1.4810700900e-01,-4.8678309000e+01
96,2.4555838100e-01,-4.4750593000e-01,-4.9696576800e+01
97,-1.6934046200e-01,7.1192937800e-02,-5.3138649100e+00
98,-5.2598398100e-01,4.6740086000e-01,3.0706946800e+00
99,1.4054246100e-01,7.8354957500e-02,-4.4783067400e+01
100,2.4422299900e-01,-5.8312486600e-01,5.4895220700e-01
101,1.9837578000e-01,-4.6861748500e-01,-3.7974376500e+01
102,-8.8172694700e-02,3.2139907200e-02,-3.9421447700e+01
103,-1.8758037000e-02,3.7814231000e-01,6.3685868300e+01
104,-5.0906190900e-01,7.5694851900e-04,3.1485010800e+01
105,-4.7165439000e-01,-1.3960362000e-01,-6.5192841200e+01
106,-7.1799887200e-02,3.6878369100e-01,6.7426384800e+01
107,-2.7385515100e-01,-2.0384739300e-01,-6.8810536700e+01
108,-2.2142126300e-01,1.3927086700e-01,-3.2905336600e+01
109,-2.7557907000e-01,4.8143382600e-01,5.8425381200e+01
110,-8.5761390600e-02,-2.0263397300e-01,4.9660198600e+01
111,5.1277112200e-01,-2.6828548900e-01,-4.9745164400e+01
112,-2.7302459100e-01,4.6575007200e-02,-4.4906249100e+01
113,3.9594066200e-02,1.3167318200e-01,3.9854286300e+01
114,-4.9584661200e-02,-6.6493748600e-02,5.5359367900e+01
115,-1.5699132900e-01,-5.1108693400e-01,-5.4971943500e+00
116,-4.9719404600e-01,-4.6474812100e-01,-2.5857263600e+01
117,2.3625193800e-01,-1.0997347700e-01,-2.1115684100e+01
118,5.3893322400e-02,-2.1921365000e-01,2.2303402600e+01
119,-5.9696969600e-01,-5.0250792100e-02,-3.2869741500e+01
120,-2.8813911600e-01,4.6758447400e-01,2.1282637400e+01
121,-5.9529351300e-01,-3.1284817400e-01,-4.7405738000e+00
122,2.4571038100e-01,4.7145230200e-01,5.9179994300e+01
123,-1.0570292500e-01,2.1887878600e-01,-2.9099116600e+01
124,1.9040402700e-01,-1.6775652200e-01,-5.2055437900e+01
125,-4.0755239100e-01,3.6444993900e-01,3.6323010800e+01
126,5.2219985900e-01,1.1292825400e-01,-3.6453402400e+01
127,1.1820575200e-02,3.4116111100e-01,-1.1370269400e+01
128,1.7361211500e-01,2.3307362300e-01,-4.9977521200e+01
129,-4.9574188700e-01,1.7119375200e-01,2.1373771600e+01
130,-4.7623014700e-01,-5.3771080000e-01,-5.9099702400e+00
131,2.5195612500e-01,-5.5304591800e-01,-1.4863778800e+01
132,-4.8163134700e-01,5.1628580300e-02,2.6819567200e+01
133,3.3474215600e-02,1.1784564100e-01,3.9478470800e+01
134,4.8568918900e-01,1.5447380100e-01,1.6083376200e+01
135,1.0608670000e-01,-1.7887247800e-01,6.4594725300e+01
136,1.7523765600e-01,4.2474925500e-01,7.1229266400e+00
137,-2.4499368200e-02,2.0883934700e-01,-3.9338246200e+01
138,3.8992711100e-01,3.0731648200e-01,5.8631780100e+00
139,-4.9449015200e-01,-5.1642723300e-01,-3.5762022700e+01
140,-2.7558384100e-02,-2.2492606300e-01,3.5890692800e+01
141,-1.1763733200e-01,-5.0404620500e-01,-3.2970343200e+01
142,-2.4376959000e-01,-2.8180417900e-02,-1.3921903600e+01
143,-5.1853674100e-01,-3.1550925500e-01,-8.2163065800e+00
144,1.2395521400e-01,4.9611475800e-01,5.8883822200e+01
145,-1.2346560000e-01,-4.8379662100e-01,-4.4300600500e+00
146,9.7803819900e-02,-2.6140531600e-01,-5.0821462600e+01
147,4.9289363300e-01,-1.0336122700e-01,-3.7866358800e+01
148,4.0031364400e-01,2.3413689600e-01,-1.0948898600e+01
149,-2.9454770300e-01,-4.0288831100e-01,-5.8608851000e+00
150,3.9987459800e-01,-3.2937070800e-01,-3.2475689800e+01
151,1.0549601200e-01,4.5988937300e-01,4.9329613400e+01
152,9.9966498600e-02,-1.1880564600e-01,6.9170118500e+01
153,-2.0766013300e-01,3.4286389400e-01,-1.8105605600e+01
154,-1.5845722600e-01,5.2359483900e-02,-1.8838581300e+01
155,5.0753284300e-01,-1.2249356600e-01,2.6204289200e+01
156,-2.4507923100e-02,-9.6147917800e-02,3.2945684000e+01
157,-2.7902085600e-01,-2.2686699300e-01,-4.9697188000e+01
158,2.1791605100e-03,-4.6146818800e-01,2.9053640400e+01
159,-2.3544681800e-01,2.6845625600e-01,-8.4852603700e+00
160,-2.0789919100e-01,6.7817560000e-02,5.8281338600e+01
161,-3.9687510200e-01,3.8189127800e-01,-1.2693224700e+01
162,4.1328532100e-01,-5.1184762000e-01,-6.6119899000e+01
163,-1.8531109600e-01,-3.6918547900e-01,3.1659409600e+01
164,7.8291715400e-02,-9.2843869400e-03,6.3370914400e+01
165,3.9451587700e-01,-4.6777619200e-01,-2.2188314200e+01
166,4.5650606500e-01,-2.3550462800e-01,-1.3167555000e+01
167,-1.1107232900e-02,-2.8853649100e-01,5.5924146400e+01
168,-3.3126145500e-01,-9.4357455000e-02,1.4297121400e+00
169,1.3364107900e-01,-1.0354718800e-01,2.7544198800e+01
170,3.6979299600e-01,-2.2432814100e-01,1.7866656400e+01
171,-1.0002806300e-01,-1.3399782100e-01,-5.4910586000e+01
172,1.3458626200e-01,-3.5221639900e-01,8.6344760300e+00
173,-1.0035832500e-01,-6.2631632000e-02,3.8391796400e+01
174,6.2940462800e-02,-2.2961567500e-01,3.7444673400e+01
175,-1.6994450200e-01,-3.9372124900e-01,-6.6037465800e+01
176,1.7671721200e-01,-3.8043495200e-01,-4.8533907800e+01
177,-3.3679284400e-01,2.1127614500e-01,1.1323453900e+01
178,7.5930435700e-02,2.3508986100e-01,-9.6827804100e+00
179,-4.4917474300e-01,-4.8720151700e-01,-3.0914362800e+01
180,-4.5108664400e-01,-1.2941300800e-01,-1.5293564400e+01
181,-6.8116024900e-02,-2.2839718000e-01,8.2197069100e-01
182,-2.0259479500e-01,1.5225853100e-01,-1.5366816100e+00
183,1.0365824600e-01,9.0720088000e-02,4.5601862600e+01
184,3.3519629000e-01,-4.0475482100e-01,5.6655396600e+00
185,-5.7628032000e-02,2.6335955600e-01,-1.9994351800e+01
186,8.2808055300e-02,-5.2559494100e-02,4.2836847300e+01
187,-9.4537176900e-02,1.9566797600e-01,2.4277919000e+01
188,3.5723792700e-01,2.4544046800e-01,6.3472815300e+01
189,1.4956911800e-01,1.8772817900e-01,-4.0621980600e+01
190,2.6323346800e-01,-2.3735536800e-01,-3.7415601400e+01
191,3.6280231400e-01,2.9419879400e-01,-6.0817711200e+00
192,5.1393612100e-01,-4.5975376800e-02,-2.0732864400e+01
193,4.1181189700e-02,-2.5910398000e-02,3.5150281200e+01
194,-8.3706995300e-02,2.9910220400e-01,5.4457904700e+01
195,-4.2535830200e-01,-3.7404674400e-01,-3.7333664300e+01
196,-5.5055078300e-02,4.7754864800e-01,6.2202516800e+01
197,-2.4405264200e-01,-4.3953760400e-01,-5.8906645700e+01
198,2.9957456900e-01,2.4736347100e-01,2.8753282300e+01
199,-5.6109371800e-01,-2.0226063600e-01,-6.0507601600e+01
200,-1.6521029200e-02,5.3263035200e-01,6.5890635200e+01
201,1.9332770500e-02,3.6707223200e-01,-3.1610626600e+01
202,3.1676859700e-01,4.9634744800e-01,3.7583625100e+01
203,1.6478700500e-01,-8.9449354600e-02,5.6010554000e+01
204,-6.2259034300e-02,-3.6417501300e-01,-6.8882292100e+01
205,2.8513045800e-01,1.7041213800e-01,-4.7131962800e+01
206,-2.7389821900e-02,1.6865593500e-01,-3.2120456300e+01
207,2.1779898500e-01,-2.2503405000e-01,2.4260992800e+01
208,4.9925085700e-01,-3.8321848000e-01,-7.8431736000e+00
209,-2.3319538200e-01,-2.0346196300e-01,5.5819864100e+01
210,5.2114624200e-01,4.0175183800e-02,1.5633484500e+01
211,4.6422387900e-01,1.8866645100e-01,2.5441049400e+01
212,2.5869876100e-01,6.2211790200e-02,2.9770378600e+01
213,-4.7023334100e-02,-3.2906520300e-01,-8.4750416200e+00
214,1.5528583300e-01,-1.6795007600e-01,-2.8957006400e+01
215,-2.9962755400e-01,3.3699891400e-02,5.4146201000e+01
216,-5.7495603900e-01,-1.9458781200e-02,-1.8327911400e+01
217,3.4091058900e-01,7.3033910900e-02,-8.8488098700e+00
218,2.5643937000e-01,2.7930625600e-01,-3.1321716800e+01
219,9.8528901800e-02,5.3890678900e-01,7.5102432800e+00
220,-3.0706484500e-01,-1.5275892800e-01,-9.5572700400e+00
221,-5.1168781900e-01,5.2049525500e-02,-2.0541003500e+01
222,4.6855305300e-01,3.4233802200e-01,5.8440309000e+00
223,-2.4459903300e-01,7.1568415800e-02,-1.6511888100e+01
224,3.3859766800e-01,-5.6617829200e-01,-4.8522290600e+01
225,-5.3491892100e-01,-9.8478343400e-02,3.0864650100e+01
226,-3.3020009300e-01,-9.9449119900e-02,-4.0786478500e+01
227,-3.1158670000e-01,5.0656929900e-01,6.0483472000e+01
228,-5.5432424700e-02,2.3483213300e-01,-1.6101160200e+01
229,-3.7288735600e-01,2.2539162000e-01,-2.4670779200e+01
230,-8.7355653300e-02,5.1228680600e-01,5.6136686000e+01
231,4.2684552500e-02,4.4118104800e-01,6.6868889200e+01
232,8.3792719600e-02,-3.9828415400e-01,9.7441147000e+00
233,1.9187485300e-01,-5.0983009200e-01,3.4093987300e+00
234,1.2512975500e-01,3.3129031700e-02,-5.7290501600e+01
235,-4.7176434300e-01,1.8621110300e-01,6.4115474800e+01
236,4.4955264000e-01,-1.6135382400e-01,1.4348983200e+00
237,2.2423089400e-01,-1.8877281500e-01,-2.2888335400e+01
238,-2.2942582400e-01,2.9740695800e-02,2.5174608400e+01
239,1.6453301900e-01,2.6382995600e-01,-5.0178289100e+01
240,1.2228704700e-01,3.4652052100e-02,-4.7146683100e+01
241,-3.3846138400e-01,-2.0027382500e-01,2.9600555200e+01
242,-4.0426078900e-01,-3.8971404100e-01,1.3898131400e+00
243,2.6825311700e-01,2.6227916500e-01,1.2449584400e+01
244,5.7430224000e-01,2.9825262400e-01,3.3188188900e+00
245,-4.3233805100e-01,5.6605244500e-01,4.0416905100e+01
246,-2.5583279100e-01,-3.3223092400e-01,-2.9174098700e+01
247,1.2318017300e-01,-1.4058631400e-01,6.7145486700e+01
248,-2.6705187700e-01,4.7419160800e-01,4.4628886500e+01
249,1.0731656500e-01,-1.7621337000e-01,-5.6060729300e+01
250,9.9782142000e-02,-3.9919198700e-01,-5.7805028500e+01
251,2.1602433700e-02,5.3681821000e-01,-4.3187054700e+01
252,3.7079909900e-01,-2.8058034500e-01,-2.2907550400e+01
253,8.7036665900e-02,-1.6780924600e-01,-3.9278717100e+01
254,5.7427156900e-01,-4.8669775900e-01,-6.2742379700e+01
255,2.0886868200e-01,4.6621392500e-01,-7.6981618700e+00
256,3.9707260100e-01,-5.7667069800e-01,-3.3248339600e+01
257,-4.1596125800e-02,1.9949489100e-01,-5.2262090500e+00
258,-5.0833154200e-01,3.2378844800e-01,3.9688246500e+01
259,6.5421948000e-02,3.1071137200e-02,-2.4951825900e+01
260,2.4179961000e-01,8.8135875800e-02,-6.4357581600e+01
261,-5.1037365200e-01,3.7589352100e-01,-1.3554090700e+00
262,2.1716079300e-01,-2.3471664600e-01,-3.5819159800e+01
263,-5.3157232100e-01,3.4268030500e-01,-1.0961445000e+01
264,4.4412765100e-01,-4.0540611000e-01,-2.1402677100e+01
265,-2.2594062800e-01,-4.0645230800e-01,-3.0008677400e+01
266,-4.0349567000e-01,3.7462948200e-01,3.0216120400e+01
267,3.9523557300e-01,-1.8803573200e-01,-5.9411117500e+01
268,-5.8758793400e-01,1.0609477400e-01,-1.7293087100e+01
269,9.4416661000e-02,7.6934850800e-02,1.2820016000e+01
270,-2.3460431300e-01,1.0937395300e-01,3.3593913300e+01
271,-1.8479730500e-01,-1.6597389800e-01,3.3995151500e+01
272,-5.8388778900e-01,8.4768079900e-02,-2.9034897200e+01
273,-4.5362501600e-01,-5.5257190000e-01,-4.7971224000e+01
274,-1.9984468400e-01,1.0702200800e-01,3.2100297800e+01
275,-4.9231046700e-01,3.4462461100e-03,-3.2834261100e+01
276,-1.0072075800e-01,1.5734381100e-01,-2.7407322300e+00
277,1.5067228400e-01,5.9878618800e-01,5.5961617700e+01
278,-3.5944814500e-01,3.3051659500e-01,4.9937084500e+01
279,-2.8622329700e-01,-2.8356469700e-01,3.3578837400e+01
280,1.9554362000e-01,-3.5476851600e-01,2.0321333400e+01
281,1.3957958800e-01,-5.0546502300e-01,-1.3009186100e+01
282,-1.2052448600e-02,-8.0076874000e-02,1.7362579900e+01
283,4.4612624800e-02,4.5745713600e-01,6.2803564100e+01
284,-2.3141053400e-01,-5.4383532200e-01,-5.6660409000e+01
285,-1.2154654100e-01,-3.5071372300e-01,-2.2330415000e+01
286,-3.4274411600e-01,1.6400804200e-02,-5.5572082100e+01
287,-4.4050357200e-02,-2.4682522200e-01,5.8485928800e+01
288,-3.6675078000e-02,3.4141959500e-01,4.0232950000e+01
289,-5.1231682000e-01,-4.7390575600e-01,-4.7821437100e+01
290,5.8324597800e-01,-1.7638008600e-01,-1.7692231900e+01
291,4.5420878700e-03,1.7073745700e-01,-2.3909234600e+01
292,-1.4680731400e-01,2.1741410200e-01,-2.7708070700e+00
293,2.9538618100e-01,-4.3690318900e-01,4.0547045800e+00
294,-2.1509164100e-02,4.8539583000e-01,3.9452458300e+01
295,-2.9306453300e-01,1.7693446700e-01,5.1526250700e+01
296,4.1153721300e-01,3.3350020300e-01,2.3908430800e+01
297,-2.3908834500e-01,-3.5447413600e-01,-1.9133909400e+01
298,-5.5899181100e-01,-3.0187870400e-01,-3.7933559600e+01
299,1.9388902500e-01,-2.0905950800e-01,-1.4269423700e+01
300,3.2657269100e-01,-4.8121754600e-02,1.0617282400e+01
301,2.4890963200e-01,-1.4000200000e-01,3.7369095700e+01
302,-7.8260024000e-03,7.9639201000e-02,5.2276330300e+01
303,1.0194013800e-01,1.2525762600e-01,4.0288617700e+01
304,2.8340690400e-01,1.8848095900e-01,2.7447046800e+01
305,-5.8175423300e-01,5.1145096100e-01,6.2368631900e+01
306,-2.9686340800e-01,-3.5807666500e-01,1.8967859000e+00
307,5.5481196900e-01,-2.3654852100e-01,-5.7249402900e+01
308,-5.5074074200e-01,4.1723005500e-01,3.2133065100e+01
309,-1.4659217400e-01,-1.4214201000e-01,6.2786902400e+01
310,-4.1173225600e-01,-4.2508058400e-01,-6.5654362000e+01
311,2.3272563900e-01,2.5492898500e-01,1.7092991300e+01
312,3.3856715900e-01,3.6776964100e-02,-2.7332409000e+01
313,-3.1734125700e-01,2.5812809100e-01,-1.3414454100e+01
314,2.7619651500e-01,3.1300916500e-01,5.8533835600e+01
315,-5.9480515100e-01,-2.8721014600e-02,1.7613815400e+01
316,1.9301679000e-01,-1.2525628400e-01,-1.8385337600e+01
317,2.3408165300e-01,-1.6235261400e-02,5.3953035100e+01
318,-1.6722583700e-01,4.4959197800e-01,-2.3601990500e+01
319,-9.5878970600e-02,1.0822574000e-01,-2.8839377900e+01
320,-3.0060559400e-01,-1.3755178800e-01,-1.3015592700e+01
321,-3.4511590600e-01,-3.1959891300e-01,-1.0876145100e+01
322,5.2325403800e-02,3.7948339200e-01,3.0874324300e+00
323,2.5289655700e-01,2.5288297300e-01,2.9430465600e+01
324,-3.2527691300e-01,-3.4842559900e-01,-6.6248274900e+01
325,3.0560535800e-02,3.0052804900e-01,-5.1357707300e+01
326,1.8990436300e-01,4.0581180000e-01,3.1516166700e+01
327,3.6190710000e-01,7.7738475100e-02,5.7004565800e+01
328,1.1045428500e-01,5.5638142500e-02,2.9008384900e+01
329,7.4680478000e-02,-4.6116109400e-02,6.7459652400e+01
330,3.4246379500e-01,-9.4725103800e-02,4.9406770800e+01
331,-4.0623253500e-02,-5.2434616400e-02,1.9617037500e+01
332,-2.7293160900e-01,3.0693790600e-02,4.9438427700e+01
333,-3.2399363400e-01,2.6689763000e-02,5.3221863100e+01
334,2.8919950000e-01,-2.8208196900e-01,-3.1634682500e+01
335,-3.9148401700e-02,-4.8497023600e-01,1.2348952400e+01
336,9.1493334300e-02,-9.7762568700e-02,-6.9973906800e+01
337,1.7188843000e-01,-7.5571649800e-02,-4.2406081500e+01
338,3.5777285600e-01,3.3174126800e-01,-2.2093330400e+01
339,-3.8040287500e-01,6.2564176100e-02,4.8028534400e+01
340,-2.6555773800e-01,-3.2028803400e-01,1.4374153200e+01
341,3.3341175700e-01,1.1180418000e-01,6.8131691200e+01
342,-3.5700980800e-01,-5.0219074600e-01,-5.6973780100e+01
343,5.8199511600e-01,2.1410171500e-01,4.7290304700e+01
344,-3.9716649800e-01,-3.0515991500e-01,2.2947701800e+01
345,1.2562790800e-02,-4.8378404500e-01,-3.9182814300e+01
346,-4.5327693800e-01,3.6352989900e-01,2.3526178000e+00
347,3.0675871600e-01,-2.8104416600e-01,-4.7550749400e+01
348,-3.5617906400e-01,1.6930674400e-01,-1.7773549300e+01
349,-3.4508466600e-01,-3.8415490500e-01,-6.5287044400e+00
350,-3.6413749200e-01,-3.7122460600e-01,2.2604136500e+01
351,-4.8865930900e-01,3.4042364700e-01,2.8213512400e+01
352,3.6798632100e-01,-3.7626791900e-01,-1.2253715700e+01
353,1.8752819800e-01,2.3533135400e-01,-2.5741403300e+01
354,-3.9535714000e-01,1.5213748200e-01,5.5558697500e+01
355,4.2309203100e-01,3.6035605000e-01,3.3800169800e+01
356,4.1136479700e-01,2.4553138400e-01,-4.4412671800e+00
357,-2.7469797700e-01,1.4319304100e-01,4.7280605900e+01
358,-2.2272118600e-01,-6.0828101400e-03,-3.7001946000e+01
359,-4.7242993800e-01,5.5202704100e-01,3.2837862200e+00
360,-4.1233670500e-01,5.2362123300e-01,1.8453643900e+01
361,9.0879619900e-02,1.1865889700e-01,-1.7262038300e+01
362,-3.6329810000e-01,-3.9198161600e-02,8.8903710900e+00
363,-3.9948653700e-01,-1.0802245400e-01,-2.8456590900e+01
364,4.0946191200e-01,-1.6191152600e-01,2.6216497300e+01
365,-3.3169084000e-01,-4.1082451900e-01,1.8124407400e+01
366,-1.7022748600e-01,1.7692289600e-01,6.0836653400e+01
367,2.4426997200e-01,2.3908980600e-01,-8.3057800000e+00
368,-5.0338098900e-01,4.0348601000e-01,6.8349613800e+01
369,5.3979736800e-02,-5.6094202500e-01,3.0756892100e+01
370,5.4006072900e-01,8.9962613700e-02,1.1191583300e+01
371,-6.0278601800e-02,-2.3311724900e-01,-2.0091884700e+01
372,2.7061284100e-01,1.2122615900e-02,-4.1567863700e+01
373,-5.7378754000e-01,-3.6830877200e-01,-3.7068965800e+01
374,-7.1474881000e-02,5.7188866700e-01,5.3215075800e+01
375,-4.5432405000e-01,-5.8464978100e-01,-6.2013359900e+01
376,-2.6798075600e-01,1.1265167200e-01,4.2177004000e+01
377,-5.7001968600e-01,-3.6812496200e-01,-1.7943646800e+01
378,-6.8673440900e-02,6.5277032900e-02,-4.7830175300e+01
379,4.8288829800e-01,-4.3376441500e-01,-5.4111228000e+01
380,1.2664190300e-01,-2.9842871500e-01,2.7016120500e+01
381,1.6103472500e-02,2.6439678300e-01,-5.0947115600e+01
382,1.4010967500e-01,5.9810899800e-01,2.5941601300e+01
383,-3.4158747200e-01,-5.9758962600e-01,-4.8409209200e+01
384,1.4775111900e-01,4.6598128500e-01,5.7919561100e+01
385,3.1976887400e-01,3.2106904300e-01,6.7817876900e+01
386,3.2571895500e-01,6.6660662900e-02,5.2978177600e+01
387,1.4367802100e-01,1.7586356200e-01,-1.5971215400e+01
388,-4.4165068900e-02,-5.3939701300e-01,-4.7876260100e+00
389,-4.1308570600e-01,-3.5349705500e-01,-2.6055389900e+01
390,-5.9604986200e-01,-1.2819676600e-01,-3.6693923400e+01
391,7.6412377900e-02,4.4124092600e-01,-1.1500481200e+01
392,-2.1128261000e-01,4.6026137000e-01,-2.2957056000e+01
393,2.2715232500e-01,2.8225080800e-01,6.0938518500e+01
394,-1.7286018100e-01,3.7511269100e-01,-2.1345674500e+01
395,7.1245037800e-03,1.3736983400e-01,-1.0990202000e+01
396,-1.8275849100e-01,5.3972357800e-02,1.7909976800e+01
397,-1.7246653500e-01,-2.3995324600e-01,-1.0406503800e+01
398,-4.0634068600e-01,-7.6818395900e-02,-3.8883897400e+01
399,4.3803442000e-01,-3.6072412400e-02,-4.6181016300e+01
400,4.3556758900e-01,-1.4117014500e-01,1.6643598800e+01
401,-1.7219465000e-01,1.5401263500e-01,1.9959124100e+01
402,-1.2403163100e-01,2.9801113500e-01,1.9445303700e+01
403,2.6719713700e-01,-3.1142555500e-01,-2.0722441000e+01
404,-1.0697185000e-01,3.0445225800e-01,-1.4515085900e+01
405,-5.7231367200e-02,5.4970219200e-01,-3.2897836400e+01
406,-5.5861170100e-02,5.9628696500e-01,4.0511451900e+01
407,2.7293512800e-02,-3.8273608900e-01,3.0273488100e+01
408,-1.6013234300e-01,5.9339457700e-01,2.6801259800e+01
409,-4.1281669400e-02,3.8560613900e-01,5.4154552300e+01
410,4.1529526700e-01,-4.7019985100e-01,-9.9175247600e+00
411,4.0346842900e-01,1.6255480200e-01,3.6106677900e+01
412,-2.7633651700e-01,1.5210931500e-01,2.0167039700e+01
413,2.2490949700e-01,-1.9988497100e-01,5.1842490200e+00
414,-1.0711023600e-01,-2.0552953700e-01,-8.8919023100e-01
415,2.8936468000e-01,-1.3955737600e-01,-3.9626025200e+01
416,2.7347399800e-01,-2.5824893900e-01,3.3501392800e+01
417,4.1033079100e-01,-2.9009348900e-01,-4.4927218600e+01
418,-8.0065379900e-02,-5.0513268500e-01,-5.7354007200e+01
419,3.3465756900e-01,-1.8486054800e-02,-5.4705702100e+01
420,3.0886319100e-01,5.3765551400e-01,2.9080812300e+01
421,3.1215925000e-01,-5.1844745300e-01,3.1635367600e+00
422,-4.6240501200e-01,-6.1453984400e-02,1.4793865400e+01
423,-5.6979897500e-01,-5.9961089400e-02,2.5499921500e-01
424,2.1074969200e-01,-4.9251903200e-01,1.1885575900e+01
425,4.9604620200e-01,5.4103709500e-01,4.2309798700e+01
426,-5.8975864700e-01,4.2410515700e-01,2.2086317300e+01
427,-5.2630072800e-02,-1.0671183400e-01,3.3121288500e+01
428,1.8885644100e-01,-1.2391856100e-02,1.0946261900e+01
429,-2.8588444800e-02,1.9689143400e-02,-1.9633459500e+01
430,-3.5989754700e-01,2.5754838700e-01,-1.4523155700e+01
431,4.3973064600e-01,4.2233210500e-02,-4.9251156700e+00
432,-1.5409056100e-01,5.2272978300e-01,4.2276250600e+01
433,-2.1848198700e-01,-3.0513807300e-01,-1.6115469300e+01
434,-4.1969448000e-01,2.0946708300e-01,-2.8658455000e+00
435,2.0857077300e-01,9.8711059900e-02,4.7335990100e+01
436,1.1248996700e-01,-4.4364485100e-01,4.0277002200e+01
437,-1.7302825300e-01,1.6280059600e-01,1.7215290700e+01
438,5.8312747600e-01,5.9233668400e-01,6.5783430800e+01
439,-2.5701037900e-01,-4.3095205000e-01,-5.9078732000e+01
440,5.4416227000e-01,1.3377999100e-01,3.8619808600e+01
441,1.2887312400e-01,-3.5977985100e-01,-5.6545327300e+01
442,-5.4582666400e-01,-2.7809750300e-01,-2.2516187500e+01
443,-1.3893078600e-01,-2.2856731200e-01,-2.1079037600e+01
444,1.2147706400e-01,3.0172231700e-01,-4.6391362800e+01
445,3.0666594400e-01,-4.0367346200e-01,-3.9936037500e+01
446,-1.9079120000e-01,-9.8005538800e-02,-6.6532579400e+01
447,2.8076419400e-01,5.2273031300e-01,2.7898299600e+01
448,4.9079525400e-01,-3.3561859300e-01,-2.1059995500e+01
449,1.4577549900e-01,2.6961130100e-01,2.4677270400e+01
450,7.1542580900e-02,-5.2630554300e-01,-3.8125262600e+01
451,-1.8921372200e-01,2.3395685300e-01,-2.2519152000e+01
452,2.8803741600e-01,-3.1566702600e-01,-5.1640905100e+01
453,-3.7698464100e-01,3.3738303000e-01,-2.2591674000e+01
454,1.7905809500e-01,-5.4933308900e-01,-1.0396537400e+01
455,-2.4539278000e-01,-2.4208531500e-01,-1.0836034900e+01
456,-6.3420398500e-02,5.9715744100e-01,-3.0111689700e+01
457,5.0017840700e-01,3.8262465800e-01,4.4424216700e+00
458,-2.1297217000e-01,-3.1410930400e-01,-1.3191579100e+01
459,-3.3786438200e-01,2.1205786800e-01,1.5805778900e+01
460,1.3677916700e-01,4.2871698800e-01,6.8981808100e+01
461,-6.2536171300e-03,8.8723465500e-02,-8.4875104800e+00
462,-1.4159308800e-02,3.7934057500e-01,6.1626405000e+01
463,-1.4086487300e-01,-1.2874291000e-01,5.8292079200e+01
464,-1.8410808200e-01,-1.5875097300e-01,-5.0513281800e+01
465,-3.7408511200e-01,4.5711231200e-01,1.1806377200e-01
466,-1.2421752500e-01,4.7297821800e-01,-3.8600702100e+01
467,-4.4287587800e-01,-1.0084360700e-01,4.1030851800e+01
468,2.5909279000e-01,5.1212955500e-01,3.2923528300e+01
470,1.4344553900e-01,5.3375076300e-01,-9.3751353700e+00
471,-5.4546541500e-01,-8.1111515600e-02,2.1794934600e+01
472,2.4660927700e-01,5.5173976800e-01,4.3149594300e+00
473,1.6831131500e-01,2.0276734600e-01,-5.0114055800e+01
474,4.4035337600e-02,-3.5235481500e-01,-2.7529410600e+01
475,-2.8760664700e-01,-1.1230962400e-01,-1.6975728300e+01
476,-2.1221849800e-01,-3.7187612700e-01,-6.5102036900e+00
477,-2.4217555800e-01,-2.1388219300e-01,4.8113258700e+01
478,1.7376679800e-01,3.3514696100e-01,1.4319574600e+01
479,2.9087699200e-01,6.4319546300e-02,5.9342597100e-01
480,-4.8239875700e-01,-5.1007082300e-01,-6.0059711900e+01
481,4.1096909800e-01,-4.3125352400e-01,-5.5720563200e+01
482,-3.6554144500e-01,-1.9688767100e-01,-5.9662142200e+01
483,2.4177740000e-01,2.0745007500e-01,-5.1839606300e+01
484,3.1002653900e-01,-2.4739343400e-01,1.7608117800e+01
485,-1.5511402300e-01,-2.3516308400e-01,-6.6514734000e+00
486,-2.1693141500e-01,3.5351609700e-01,3.9252086300e+01
487,-1.3319459800e-01,3.1681935400e-01,2.2951663500e+01
488,1.9108467300e-01,1.8795535500e-01,1.6866238200e+01
489,1.2312357000e-01,3.1304445300e-01,-5.3689225200e+01
490,4.0361598500e-01,-4.0738846000e-01,-4.2109742700e+01
491,2.2881932300e-01,-2.8811476400e-01,-3.6947951900e+01
492,-4.8895602500e-01,4.4889392600e-01,1.5383233800e+01
493,5.8845544200e-01,-5.4148297700e-02,6.0038577900e+00
494,2.2618306900e-01,1.8497724500e-01,4.0570522100e+01
495,4.6885472400e-01,1.4144692400e-02,-2.6662548800e+01
496,-3.6281143000e-01,5.1132679400e-01,-4.7431738600e+00
497,-4.3164398500e-02,9.9881776700e-02,-3.7853849800e+01
498,-1.6051548100e-01,-4.6130162500e-01,3.2671664600e+01
499,-3.6256726500e-01,-3.7601870300e-01,1.2354502800e+01
500,5.3028731300e-01,-1.8193765500e-01,-4.7871573000e+01
501,6.6129069100e-02,4.9377797200e-01,1.0456807600e+01
502,-1.4483455800e-01,-4.5347032100e-01,-3.9094684800e+00
503,3.8564147500e-01,1.3064022800e-01,-3.3375484300e+00
504,3.0266624200e-02,-5.3514530000e-01,3.5762421700e+01
505,2.7627520400e-01,-4.9620417300e-01,-1.1944900500e+01
506,2.7452899400e-01,1.0079147100e-01,2.7337971100e+01
507,4.2018745600e-01,-3.5442021200e-01,-5.2209366600e+01
508,5.3427921300e-02,-2.8086919800e-01,4.1000102800e+01
509,4.1608033000e-01,-2.3402592600e-01,3.6198983700e+00
510,4.8501716200e-01,7.0324196900e-03,-3.5314132100e+01
511,-1.6744562500e-01,4.5361954800e-01,-6.7488106100e+00
512,4.6521782200e-01,4.1564047100e-01,1.8570508900e+01
513,-1.0476942700e-01,4.5883259100e-01,-3.5429050900e+01
514,-2.5047198600e-01,3.5377614500e-01,6.8679898700e+01
515,2.4304532600e-01,-1.8719332500e-01,-4.4178995800e+01
516,2.9397141200e-01,1.0177983800e-01,-2.3202883900e+01
517,-2.0430978500e-01,-3.3670297600e-01,-1.4231510900e+01
518,5.5819487500e-01,4.2553820800e-01,5.0562346900e+01
519,-2.5587994000e-01,-3.9758181900e-01,-3.1047268400e+01
520,3.1849162800e-01,-1.7944019800e-01,-3.8973450100e+01
521,2.2579500200e-01,-5.4331579300e-01,-5.2264392200e+01
522,-2.0834635900e-01,7.2725391700e-02,3.6483256200e+01
523,-3.2120521700e-01,-8.3661753200e-02,9.1256131900e+00
524,1.1656251100e-01,-4.4535321400e-01,-6.3072147700e+00
525,-7.6683282200e-02,-4.9358183600e-02,6.8382306700e+01
526,-2.0331354900e-01,-8.7412817400e-02,5.9230070700e+01
527,2.3010441600e-01,2.7427548700e-01,-3.7074321200e+01
528,2.6496915300e-01,-1.7454423500e-01,1.7786016400e+00
529,4.6981196200e-01,5.3315381700e-01,6.5797215900e+01
530,-5.9203796100e-01,1.1011343300e-01,-2.6411490500e+01
531,3.0987135000e-01,1.2287645800e-01,-1.3559269600e+01
532,-5.1511562300e-01,2.0937263500e-01,3.2243323700e+01
533,5.6328284400e-01,4.7341722000e-01,3.4886957200e+01
534,3.0086148000e-02,-3.1023423700e-01,3.2787380800e+01
535,4.1750516500e-01,-2.5459836500e-01,9.6441545300e+00
536,-1.3351161600e-01,-3.9071440100e-02,7.2355198300e+00
537,-5.6739972100e-01,1.3642450700e-01,-2.9364489100e+01
538,4.4986379100e-01,1.6958334900e-01,5.1641077400e+01
539,2.7769446700e-01,4.4505249300e-01,-1.0237296100e+01
540,-2.6141435100e-01,-5.0997230100e-01,-1.9944832700e+01
541,2.9137259900e-01,4.5555836400e-01,4.1317544100e+01
542,5.7037810500e-01,2.4298962700e-01,3.1463962300e+01
543,-5.9601822000e-01,-5.9626547100e-01,-2.5402785200e+01
544,-2.8455599300e-01,-2.2989518000e-01,-6.6683681900e+01
545,-2.8427217500e-02,9.1478225900e-02,4.9115627300e+01
546,-4.2545581400e-01,-4.4578305800e-02,-4.8853478800e+01
547,2.1936926900e-01,5.3703475500e-01,1.4342382400e+01
548,2.0447795400e-01,-3.7180649000e-01,1.2702431300e+01
549,-3.5706491200e-01,1.2393490300e-01,-1.1336774400e+01
550,4.2958490500e-01,-5.0634388700e-02,3.7911113300e-01
551,-4.0246835100e-01,1.2385387400e-01,4.9983099700e+01
552,7.8239950300e-02,2.9956607600e-01,-5.7880193400e+01
553,-5.7050155600e-01,4.3968457200e-02,-2.8764829500e+01
554,4.1794026500e-01,-3.6636549000e-01,-2.1581294400e+01
555,1.6369960900e-01,-2.8376051900e-01,-2.0852162700e+00
556,3.9631054500e-01,4.8148804200e-01,5.7852438500e+00
557,2.5758356700e-01,-1.7562063900e-01,-3.1899830200e+01
558,-5.1170649900e-01,3.3664975900e-01,3.8793311700e+01
559,-1.5232926900e-02,4.1852357000e-01,5.1280606800e+01
560,-2.3448540700e-01,1.1215141200e-01,-3.1395277000e-01
561,2.8903488200e-03,2.2770523000e-01,-5.5355237100e+01
562,4.7261165300e-02,8.9197515800e-02,-4.9751975900e+01
563,-4.7507656800e-01,5.4161861700e-01,1.8186749800e+01
564,-2.6879170900e-01,4.7706592500e-01,4.0076965600e+01
565,-5.7408554000e-01,-3.5656098500e-01,-5.1913333700e+01
566,1.2620242200e-01,1.6026964500e-01,6.9641025900e+01
567,-5.2089924800e-01,-1.6149780800e-01,-2.0458694500e+01
568,-9.7431386400e-02,-1.8766457900e-01,6.9945207400e+01
569,2.3690037300e-03,-9.5267062700e-03,4.7748320900e+01
570,-5.6029674400e-01,2.0714148000e-01,-1.6750503300e+01
571,-3.4119080700e-01,-2.9628687400e-02,1.1160336000e+00
572,3.4121784800e-01,-2.8862177200e-01,-1.6879343100e+00
573,8.6024842600e-04,5.2723689400e-01,5.1611335300e+01
574,-2.4396436400e-01,-4.5706859800e-01,-4.9534230000e+01
575,-1.6131351400e-01,5.1919785200e-01,1.7780752700e+01
576,3.0986310700e-01,-2.3412298200e-01,-3.3247916500e+01
577,-5.5892118600e-02,2.0699203300e-01,-1.1999038800e+01
578,-4.6291812800e-01,-5.2911266800e-01,-4.2158000200e+00
579,4.7258935100e-01,-1.0703191200e-01,1.2272915200e+01
580,-2.6012841300e-01,-5.0152413700e-01,2.7327092800e+00
581,7.4974982200e-02,-2.2170276100e-01,-1.8978502000e+01
582,2.5738563200e-01,-2.7355995000e-01,-6.4335275100e+01
583,-1.6531407200e-01,-5.7306576900e-01,-5.2275357200e+01
584,2.2358753600e-02,-2.6142723500e-01,1.7358736500e+01
585,4.0764887700e-01,-1.7252750600e-01,1.4842487800e+01
586,-2.8405858700e-02,-4.8264935500e-01,-5.8747216300e+01
587,-1.5646593200e-01,-2.2715403800e-01,-3.7118149100e+01
588,2.0889580700e-01,2.0550077200e-01,4.4048360800e+01
589,-4.8146922000e-01,1.1218437000e-01,3.6372216700e+01
590,2.1584144700e-01,5.3714129200e-01,3.5229811900e+01
591,2.8634021400e-01,5.6506468000e-01,6.6066397300e+01
592,-6.9905022300e-02,1.8985187200e-01,2.0170488600e+01
593,-3.2529764500e-01,-3.5265041500e-03,1.2381523900e+00
594,1.6411413400e-02,-5.0746511300e-01,4.4471565400e+01
595,-5.4315705900e-01,1.9496631100e-01,6.9527633000e+00
596,-3.5838916800e-01,2.3283407300e-01,3.7466624400e+01
597,7.1136557000e-02,1.6058385500e-01,-4.4776063300e+01
598,-3.7432192700e-01,-4.1273369500e-01,1.8207904600e+00
599,-5.0748398200e-02,2.5428104200e-01,-2.2952154300e+00
600,-2.0752786400e-02,3.0777156200e-01,-2.1489114100e+00
601,-3.4089874300e-01,-3.7166901800e-01,2.7304620000e+00
602,3.5576618200e-02,-4.3187548500e-01,1.5958644700e+01
603,4.0458413400e-01,4.5985502100e-01,1.4758537900e+01
604,-3.7810790500e-02,-1.1221204000e-01,-4.9851552600e+01
605,-2.8827922500e-01,-4.2394067300e-01,-3.5912786200e+01
606,9.6573194200e-03,-9.3289467100e-02,-4.4879224400e+01
607,-4.8965744400e-01,-3.9153639700e-01,-3.1461066200e+00
608,-2.3007578800e-01,-5.0874850900e-01,-1.2671188600e+01
609,5.6608255500e-02,1.0021928300e-01,6.6523409100e+01
610,2.9398191300e-01,5.8159341000e-01,2.4525787000e+01
611,1.1108292300e-01,2.5539327000e-03,1.1882166600e+01
612,2.1926481000e-03,-3.8473567500e-01,-3.0099523300e+01
613,-1.7718859100e-01,-2.6704797700e-01,5.4205860700e+01
614,3.3279250100e-01,-4.7533477300e-01,-5.2638179500e+01
615,-1.4196479400e-01,-3.4179598000e-01,-2.2535524600e-01
616,8.1878170600e-02,-2.4435977900e-01,-3.9704315900e+01
617,2.3329879600e-02,-2.4893900200e-01,7.5351901600e+00
618,-9.5003456000e-02,-2.5829922100e-01,-4.2523599300e+01
619,-1.7115377300e-01,3.0244597400e-01,4.0165058100e-01
620,-4.4435466600e-02,7.4150932900e-02,-6.5644732100e+01
621,4.7821501700e-01,3.3062826300e-01,-6.8106151700e-01
622,-2.2814666400e-01,-4.5096260600e-01,1.9108403100e+01
623,-1.1778412400e-01,1.6728007800e-01,-2.6157357600e+01
624,7.0948867600e-02,5.4124198700e-01,-1.2730031200e+01
625,2.8372566500e-01,1.8835673000e-01,6.3986035000e+00
626,3.5951141700e-01,1.0986410900e-01,8.3586307000e+00
627,1.1940747300e-01,1.9187718200e-01,-4.1010593600e+01
628,-2.6704082200e-01,1.8605038000e-01,5.6799050900e+00
629,-4.0524999100e-01,6.8299168900e-02,1.9818288400e+01
630,4.8490431900e-01,4.7370919800e-03,9.4478135000e+00
631,5.9849353300e-01,3.9141411800e-02,-1.8493765500e+01
632,-9.6807281100e-02,3.0999080900e-01,-1.5629543200e+01
633,-4.9124471500e-02,1.2741126200e-01,5.0735503300e+01
634,8.2685691700e-03,4.8257753300e-01,-2.8164290000e+01
635,4.5168286700e-01,-1.9134156800e-01,2.4811704500e-01
636,2.5854826800e-01,-9.5592356400e-02,4.8714035100e+01
637,-2.6554490800e-01,1.3715244200e-01,-1.7675489500e+01
638,2.1546906300e-01,7.7393801400e-02,-1.6094230800e+01
639,-5.6103290700e-01,-3.5580006100e-01,-2.2798074700e+01
640,-4.4605543100e-01,-5.2817364000e-02,-4.8964221900e+01
641,-3.5026485600e-01,3.9808346900e-01,-7.4722151100e+00
642,4.5636962400e-01,-1.8080845000e-01,-6.6028695700e+00
643,1.8295660100e-01,-3.0005742700e-01,-1.6616187300e+01
644,4.6823603500e-02,-2.3933134100e-01,-3.7842794200e+01
645,4.8135613000e-01,2.9704124300e-01,5.0218388600e+01
646,1.6706776800e-01,3.6926112700e-01,5.0824455800e+01
647,-1.1630941100e-01,-5.1170191500e-01,8.7805248400e+00
648,1.3585060400e-01,-4.7449180700e-02,2.9423197100e+01
649,4.9873377400e-01,4.9810744500e-01,5.7537182300e+01
650,3.3338193800e-01,-5.4458348100e-01,-4.7535837200e+01
651,-9.8367615200e-02,-1.7122511700e-01,-5.2170706200e+01
652,-7.9767127800e-02,-3.1166864900e-02,-4.2232177100e+01
653,-1.4691328100e-01,-1.8942767400e-01,1.2791901500e+01
654,-1.5444987700e-01,1.6820655500e-01,-5.9732009800e+01
655,-2.8065412900e-01,3.5122644500e-01,3.2736020200e+01
656,-1.8533568500e-01,5.1797317900e-02,-6.3013609800e+01
657,5.8824500100e-01,-2.9974058800e-01,-6.6408652600e+01
658,-4.3847420600e-01,4.0859621300e-01,6.5281397600e+01
659,-1.8671301700e-01,4.5069788200e-02,-2.0541605200e+01
660,3.2647327500e-01,-3.4850090500e-01,8.3141736500e+00
661,-4.1169530700e-01,9.6016668200e-02,-2.3913376200e+00
662,7.6846559300e-02,1.1341441200e-01,6.1904021000e+01
663,-2.6436457400e-01,1.4377756600e-01,7.9952596100e+00
664,-5.7550287000e-01,-3.5208093700e-01,-2.4827909300e+01
665,-1.7583513100e-01,-2.2774842600e-01,2.0280499600e+01
666,-1.9646793500e-01,3.3000021400e-01,-1.1127392700e+01
667,-1.2031951600e-01,4.1416311700e-01,6.3751816200e+01
668,4.9855081600e-01,-2.1090459600e-01,1.1928530500e+01
669,3.8673306000e-01,-1.2740050900e-01,1.8765257400e+01
670,-2.3498343600e-02,-4.8931431500e-01,1.9794249700e+01
671,5.4113718900e-01,1.8458233100e-02,-1.5679558600e+01
672,4.3626767100e-01,-3.9494172400e-01,-5.4579465800e+00
673,3.1692489000e-01,4.4803345400e-01,2.5601650600e+01
674,1.6582945500e-01,-2.7069444700e-01,-3.6562217400e+01
675,-7.9108042700e-02,7.5893636900e-02,2.5593646800e+01
676,-4.3502457000e-01,1.9089972700e-01,5.1981927400e+01
677,4.0520010300e-01,-2.8242437500e-01,-1.8575602300e+01
678,3.2273697400e-01,5.7689423300e-01,1.0621377400e+01
679,-3.0691833000e-01,-3.3319311800e-01,1.4602363400e+01
680,3.7840319700e-01,1.4331818800e-01,5.5246686200e+01
681,-2.9625457400e-02,-1.3839657600e-01,5.2840518000e+01
682,-2.2510156200e-01,3.8639832700e-01,-3.3562207500e+01
683,-1.7568481100e-01,-3.6186948800e-02,6.5598729200e+01
684,-2.7340569500e-01,2.3054746500e-01,-1.7887649200e+01
685,3.2647699000e-01,3.3052450700e-01,1.5353732100e+01
686,-4.6774040300e-01,5.6530291200e-01,6.9052425300e+01
687,1.1586135900e-01,-3.9066950500e-01,-1.2994980800e+01
688,2.2625825600e-01,-3.9333102100e-02,1.9862682800e+01
689,1.8165580000e-01,5.6678182100e-01,6.8362700800e+01
690,-3.6979562600e-01,5.6919004300e-01,1.8100972500e+01
691,-3.7296732900e-01,-4.8068577000e-02,4.0307440700e+01
692,-3.9624458300e-01,5.6300128200e-01,2.0847830400e+01
693,2.3730083500e-01,-1.9789645500e-01,-3.4851109500e+01
694,-1.8211223400e-02,-4.9092030900e-02,-5.8839462900e+01
695,4.3543749400e-01,7.6809060800e-02,4.5262955900e+01
696,4.4693595200e-01,-3.1294429100e-01,1.3072719000e+01
697,4.3370562800e-01,5.7848237400e-01,5.5996008100e+01
698,-1.2620542600e-01,4.7380717900e-01,5.1818547300e+01
699,4.5331598900e-01,-3.7204514600e-01,-1.9659327200e+01
700,-2.5586473300e-01,-1.7227982200e-02,4.3323275900e+01
701,-5.9777916200e-02,-2.2849266800e-01,6.7737330500e+01
702,4.7779983700e-01,-4.1387227800e-01,-2.5743309300e+01
703,1.0817656700e-01,2.2855335300e-01,-3.0857311000e+01
704,-5.4499433500e-01,-5.1162229800e-01,-4.4475755800e+01
705,-7.7951857500e-03,-4.5919810300e-01,7.7482495900e+00
706,-4.6080775800e-01,4.7774561400e-01,5.6187351600e+01
707,2.2850365100e-01,6.6063162200e-02,7.5983759100e+00
708,1.1414919100e-01,-9.6427371900e-02,-6.4542232900e+01
709,6.7283367500e-02,2.9003836000e-01,2.5588736100e+00
710,-4.1155090300e-01,3.4318081100e-01,5.4592148500e+01
711,2.1121193200e-02,-5.3034683600e-01,3.4499762900e+01
712,3.1656982200e-03,-8.5444078800e-03,4.7142961900e+01
713,-2.7094052300e-01,8.1129380600e-02,-5.1585546600e+01
714,1.6671498500e-02,4.4766189100e-01,-9.9464622100e+00
715,-6.4185834500e-02,-3.9539136800e-01,5.0183851000e+01
716,-2.9707114700e-01,4.2163428000e-01,-2.3170108800e+01
717,4.5139352400e-01,-6.9748765100e-02,2.9755477300e+01
718,1.9198680900e-01,-2.6705939400e-01,-1.2001652200e+00
719,3.5883636800e-01,-1.9514815500e-02,-5.5458145300e+01
720,3.1022137600e-01,-5.1483206800e-01,1.0161256400e+01
721,-4.1934048800e-01,4.9640791300e-02,-4.5022636600e+01
722,-1.9375699500e-01,4.7664909000e-01,2.4348087200e+01
723,1.6552515900e-01,-4.9904162000e-02,3.7946707700e+01
724,2.3431973100e-01,2.1432428400e-01,-5.4397001300e+01
725,4.8526233200e-01,3.5477583500e-01,-1.0501452100e+01
726,-8.5432624800e-02,3.9105266100e-01,6.2951536200e+01
727,4.1733309100e-01,-1.0095718800e-01,1.2233858900e+01
728,-2.2350675100e-01,4.2852490000e-01,3.9875760200e+01
729,-3.1211843500e-01,-1.2137934300e-01,-4.8796921200e+01
730,4.2799475600e-01,-3.9369670600e-01,-3.2607526200e+01
731,1.1778773400e-02,1.4992762400e-02,6.4838297500e+01
732,-1.0445024300e-01,-2.5455829800e-01,-6.1101697300e+01
733,-3.0056090400e-01,-3.6904005500e-01,1.3219266900e+01
734,-5.9110834200e-01,-3.5781457700e-01,-6.8068140400e+01
735,2.2489437000e-01,4.2398510100e-01,5.6326574800e+01
736,-2.0144991400e-01,-4.0214768200e-01,4.8589071600e+00
737,-4.4807617600e-01,2.5124868900e-01,5.2273058900e+00
738,-7.2661848300e-02,-4.0340018000e-01,2.7619083700e+01
739,-2.3140207800e-01,-1.9829477200e-01,2.3399589300e+01
740,-2.0622135400e-01,4.1150646500e-01,1.4235075900e+01
741,-1.0060003400e-01,5.3639655400e-01,-5.3874462400e+00
742,7.4062819200e-02,1.4569404900e-01,-4.3469063900e+01
743,-1.1927247400e-01,4.6737264600e-01,1.1131646400e+01
744,-9.8057700900e-02,4.1162266000e-02,6.1466563400e+01
745,-3.7084557800e-02,3.7541933000e-01,-2.8129871100e+01
746,2.6224671900e-01,2.0985375800e-01,-5.5333071900e+00
747,-8.0014952200e-02,9.0741028700e-02,-5.8057695600e+01
748,1.6813366500e-01,-3.4280978800e-02,1.8222958600e+01
749,5.9691371100e-01,-5.4488599000e-01,-3.1856956000e+01
750,1.7904913300e-01,-1.1457174500e-01,6.2974277700e+01
751,3.1194739800e-02,-5.1133138200e-01,-1.1731789600e+01
752,-2.2931545900e-01,-1.8259886600e-01,9.1708424100e+00
753,3.9435988600e-01,2.9274367300e-01,-4.1774582500e-01
754,2.1059831800e-04,-5.2572769800e-01,-1.4044043200e+01
755,5.2735529000e-01,-4.3919633800e-01,-7.5401561700e+00
756,-1.7926276700e-01,-1.0221251700e-01,-5.7109359600e+01
757,2.5218855600e-01,1.2945650600e-01,-3.4520026000e+01
758,-2.9232321100e-01,5.7198100400e-02,-3.7669135900e+01
759,2.4193970300e-01,1.4322388800e-01,-1.5198585500e+01
760,3.8914381800e-01,5.0926952600e-01,2.9753466700e+01
761,2.5261809900e-01,5.4546074700e-01,5.9429422700e+01
762,5.5018629000e-01,-4.2222546200e-01,-8.9174253900e+00
763,-1.5214943200e-01,4.5604487100e-01,1.5350315200e+01
764,2.7354461400e-01,4.8833198400e-01,-2.1356292300e+01
765,2.2995051400e-01,-4.3079799100e-01,-4.0677184700e+01
766,3.0362641400e-01,2.3619684800e-01,6.1466795900e+01
767,-2.0424453500e-01,-1.6750422300e-01,5.6409991200e+01
768,2.4315068700e-01,-1.8312408200e-01,8.4982871000e+00
769,9.1165842800e-02,-4.6530015600e-01,-2.9031967400e+01
770,-4.4425660400e-02,1.7864054300e-01,-2.5532233400e+01
771,2.9476338500e-02,-9.9923386000e-02,3.7289635800e+01
772,-8.1680339600e-02,-1.9389418800e-01,9.7955658200e+00
773,-2.4392034700e-02,1.8001648800e-01,-3.1628769200e+01
774,8.0010558700e-02,4.9692390200e-01,4.2824839800e+00
775,-5.6867317400e-01,9.1279733300e-02,2.2715071900e+01
776,9.9958777100e-02,-2.1343170900e-01,5.0962430500e+01
777,2.6014668700e-01,-5.2076270700e-01,-2.5727234200e+01
778,-1.6590037200e-01,2.6173457600e-01,4.4455891300e+01
779,4.7387388400e-02,3.5719558800e-01,5.0163718400e+01
780,3.5421343400e-01,1.3372997100e-01,4.0965372400e+01
781,-2.4151840900e-01,2.6472629200e-01,-2.8442373000e+01
782,-4.2522596500e-01,-4.3767314300e-01,-5.2958843200e+01
783,-4.7019147900e-01,2.3695960400e-01,5.2485232600e+01
784,-4.4605029600e-01,1.2696515900e-01,3.5314068700e+01
785,3.8229691800e-01,-1.7204174900e-01,-5.6294585000e+01
786,-1.0640314600e-01,3.7207105600e-02,-2.3700217400e+01
787,2.6708103200e-01,1.8872147600e-01,5.8068671300e+01
788,1.7232468900e-01,5.2888074000e-01,5.7941643100e+01
789,-2.0111467800e-01,5.4329235100e-01,4.7373830800e+01
790,-6.2515698300e-02,3.2298942600e-01,3.7713677700e+00
791,8.0845821300e-02,-3.8020935300e-01,1.1518959200e+01
792,4.0808884600e-01,-3.4321835300e-01,-2.7635104900e+00
793,2.6429261100e-01,-3.0223698200e-01,8.3106295500e-01
794,-2.2854453900e-01,-1.2395714400e-01,-3.5947923800e+01
795,-8.5619188200e-02,-1.8385756700e-01,-3.7216041500e+01
796,-3.5124212400e-01,-1.0612258800e-01,-2.2269629600e+01
797,-5.6078007900e-01,-2.8410273600e-01,-4.6647098000e+00
798,6.2254501200e-02,1.7589962100e-01,6.5707099900e+01
799,-4.0812560800e-01,2.0804421200e-01,8.2163986300e-01
800,5.0961103300e-01,4.7930667200e-01,1.3660218300e+01
801,9.6907333400e-02,3.3283955700e-01,6.4543778300e+01
802,-3.1026335900e-01,4.4420106500e-01,1.6988565500e+00
803,-3.1706931800e-01,-1.4773635600e-01,3.8421809400e+01
804,6.7074985500e-02,-3.9121096400e-01,-1.2741326300e+01
805,5.2756388700e-01,1.7621492800e-01,3.5974249500e+01
806,-6.8314147400e-02,-4.2517898500e-02,-4.1925694400e+01
807,-9.4915166100e-02,-4.8744342800e-01,-6.6681345700e+01
808,3.8791454900e-01,3.2308119000e-01,-2.5916781500e+01
809,-1.4528456700e-01,5.2161176300e-01,6.9077591000e+01
810,4.3848074900e-01,-4.2163350300e-02,-4.1363697000e+01
811,1.3472869600e-01,-3.6599619000e-01,1.4334414600e+01
812,3.1369329400e-01,5.9754655200e-01,-3.8605705800e+00
813,-1.4714489000e-01,-2.4954213000e-01,5.8174989700e+01
814,3.6624102600e-01,-3.7804203300e-01,6.9254836000e+00
815,4.1345885500e-01,2.9466532800e-01,7.5055509800e+00
816,-4.7746020700e-01,6.9158220700e-02,3.8682015200e+01
817,1.3411525000e-01,-1.8300780400e-03,1.1680022100e+01
818,-9.5571250200e-02,-2.9495477300e-01,4.2905691900e+01
819,5.4958407300e-02,-3.5853505500e-02,1.2415590700e+01
820,4.7042963000e-02,-2.7100437500e-01,2.8170890800e+01
821,4.5382817000e-02,5.3191867100e-01,-3.0540793400e+01
822,-2.2470260400e-01,1.4490439300e-01,9.1218498100e+00
823,-2.1340709400e-01,-1.8865147800e-01,3.2591258600e+01
824,-7.0826492300e-02,-4.5549222200e-01,6.7428034200e+00
825,-3.2810095800e-03,-5.3300010600e-01,4.2951521100e+01
826,1.6969813000e-01,-2.7069457900e-01,-4.5355886500e+01
827,4.0890770300e-01,2.5341317400e-01,-1.1890306100e+01
828,2.1507954400e-01,4.5109660100e-01,5.0549483800e+01
829,-9.8868542400e-02,7.2032279700e-02,-2.7527501900e+01
830,1.4597592500e-01,4.3984118400e-01,6.3879439600e+01
831,1.4918547100e-01,2.7053316200e-01,-4.2986002800e-01
832,-3.5123143400e-01,6.8177198500e-02,-3.3160320900e+01
833,5.4803738800e-01,-2.9186762100e-01,-6.9232499700e+01
834,-2.4305466700e-01,-2.6467621900e-01,1.0081968600e+00
835,1.4470809800e-01,-1.8675789700e-02,5.1493440800e+01
836,5.6065073300e-01,-4.8613618400e-01,-3.4205463800e+01
837,2.8784857100e-01,-4.6818303300e-01,1.4836879900e+01
838,1.3555304500e-01,9.4736354300e-02,-6.3343291900e+01
839,5.5147992900e-01,4.2307390000e-01,7.6776826800e+00
840,3.9845618300e-01,1.0021138400e-01,6.6825045600e+01
841,1.9734500300e-01,-4.3569473300e-01,2.0259109200e+01
842,5.1956823600e-01,4.2820598300e-01,-1.0738283300e+00
843,1.3826105500e-01,-4.5449172500e-01,-8.6202536700e+00
844,-9.8157129500e-03,3.0120220800e-01,-5.6055444200e+01
845,2.2511745400e-01,5.0964743700e-01,3.0878237700e+01
846,-2.6372688400e-01,1.1799740900e-01,9.3458180900e+00
847,7.5811200500e-02,-1.2026304900e-01,-4.1992247500e+01
848,-2.2961762200e-01,-3.9705733100e-01,-4.1772275400e+01
849,1.1233111500e-01,-4.5845147400e-01,-6.7233686500e+01
850,2.5239639300e-01,4.2257597300e-01,3.9664627600e+01
851,5.5476557800e-01,-2.3100822000e-01,1.4752361200e+01
852,4.3978269100e-01,-3.0911939200e-02,-5.7623919700e+01
853,8.1382484700e-02,-2.8463931000e-01,2.4076363800e+01
854,-4.5572247500e-01,-3.3070582900e-02,4.3553225000e+01
855,2.0332789800e-01,5.3586453700e-01,2.0738210900e+01
856,1.6079521600e-01,-5.9322711000e-01,-1.1771320200e+01
857,5.1358362800e-03,4.0659690700e-01,-5.4147922200e+01
858,-4.7523502400e-01,3.1206159400e-01,-1.6125765300e+01
859,1.6734649300e-01,4.3837216100e-01,5.5776811500e+01
860,5.1234981800e-01,5.5375806400e-01,1.8476676700e+01
861,2.6656828900e-01,2.3437286500e-01,-4.0485313000e+01
862,-2.8941475500e-01,-1.0970655900e-01,-5.5717586100e+01
863,3.1537863500e-01,4.9782034200e-01,4.8848854400e+01
864,2.1155129300e-01,-3.0498787100e-01,3.5127540200e-01
865,-5.1144694300e-01,2.3450393300e-01,5.2947130200e+01
866,-3.3833984900e-01,-9.5636154900e-02,6.1034634100e+00
867,2.3263111000e-01,-4.4952054400e-01,-3.7252926100e+01
868,4.3662460700e-01,3.1120021400e-01,-2.3475513000e+01
869,-2.5941838100e-01,-5.7512855900e-01,-5.3669892400e+01
870,1.1786179400e-01,-1.1913032100e-01,-4.4836193700e+01
871,3.6888740000e-01,1.3628763600e-01,7.0484448300e+00
872,4.0203170300e-01,-1.6110161700e-01,-2.5912034700e+01
873,4.7875260200e-01,2.0501948600e-01,6.5426253100e+01
874,6.0045980600e-03,-4.8310689900e-01,2.4093610400e+00
875,3.9107812300e-01,-3.8526446700e-01,-2.3882144000e+01
876,5.3523619900e-01,-9.1489674400e-02,9.7159498400e-01
877,-3.1404780700e-01,5.8008941700e-01,-8.4930741100e+00
878,4.1737032500e-01,-2.6857440100e-01,5.1287555400e+00
879,4.7239558700e-01,3.5201859500e-01,2.2528177400e+01
880,1.0104643300e-01,2.4322116900e-01,-3.0575589600e+01
881,4.2426321000e-01,1.0578834000e-01,3.7437794000e+01
882,-2.6842647400e-01,-2.2973507900e-02,-8.7382076000e+00
883,4.6658078800e-01,-3.6532651400e-01,-1.9534667200e+01
884,-3.6068941600e-01,1.6775339800e-01,-4.2119031200e+01
885,-3.1020079100e-01,2.6530835500e-01,-3.1687141800e+01
886,3.0685122100e-02,-1.9417811700e-01,-5.8294994000e+01
887,1.5526008800e-01,-5.6048759000e-01,-3.6391825300e+01
888,4.3582449600e-02,-3.6825767200e-01,-2.8797138900e+01
889,3.8578390600e-01,-5.5524460500e-01,-3.3721571500e+01
890,3.4998718200e-01,-2.5947378300e-02,3.6324946800e+01
891,5.5955424700e-01,-2.8198373000e-01,-3.8536515700e+01
892,5.2822564900e-02,2.0208414100e-01,-2.3428305100e+01
893,5.8794251100e-01,-2.5733927900e-01,-4.4075070300e+01
894,2.2930658900e-01,-1.7181842300e-01,-4.4371863500e+01
895,5.7991352900e-01,8.3232126400e-02,-1.9529302200e+01
896,4.4469325200e-01,-8.1998088900e-02,-1.7085183200e+00
897,4.0392605100e-01,-3.5662061300e-01,-3.2362000500e+01
898,2.4134545200e-01,-3.8256335500e-02,-2.7126619600e+01
899,3.8056425400e-01,-1.7535510300e-01,-6.1191964800e+01
900,-8.7073837900e-02,5.9434399800e-01,5.1996309700e+01
901,1.5231361300e-01,4.6052689300e-02,6.5417091900e+00
902,-2.8895366100e-01,3.4196814300e-01,9.8429007500e+00
903,-4.0696286600e-01,-4.5761506400e-01,-1.6310377600e+01
904,-5.9619567600e-01,5.9711584000e-02,2.2424391900e+01
905,-4.5641195700e-01,3.8964163400e-01,1.2910958700e+01
906,3.7909643600e-01,-4.4943777700e-01,-3.5235429500e+01
907,-3.0423056300e-01,-4.1553887300e-02,5.9005293500e+01
908,-4.8792641300e-01,-2.2208318900e-01,-1.8208080600e+00
909,4.8725425900e-01,-3.4408800800e-02,1.4415284100e+01
910,-1.0519563900e-01,2.3897035300e-02,5.3412142500e+01
911,1.8436250400e-01,3.8737071400e-01,2.7880967800e-01
912,3.5866559900e-01,5.9888227800e-01,5.4527526800e+01
913,-5.2749089400e-01,5.8159758800e-01,1.2076265600e+01
914,5.3997380700e-01,-3.9202442200e-01,-6.3438762700e+01
915,-1.4895547600e-01,-4.5901666400e-02,1.1448019100e+01
916,-5.7287804400e-02,1.2624951900e-01,-9.7460539500e+00
917,2.9113427000e-01,-1.6891885600e-01,-4.2704162200e+01
918,-3.6855602100e-01,5.1359747000e-01,5.2428715100e+01
919,-3.3078584600e-01,3.3382185500e-01,-3.1354173400e+01
920,-6.5745459800e-02,-3.7738105100e-01,-5.4335913200e+01
921,5.5095151000e-02,1.7380976800e-01,-3.1689590600e+01
922,2.5373888000e-01,-3.4234310500e-01,-6.7578456300e+00
923,-2.2076288100e-01,-2.0201020000e-01,9.0932648900e+00
924,-2.2194222400e-01,-2.9385977500e-01,-1.9956785500e+01
925,-1.9634428900e-01,-1.0442303200e-01,4.4973346000e+01
926,-5.6337183800e-01,1.8557010100e-01,3.9599393600e+01
927,1.8331380600e-01,-4.0299818600e-01,2.2037137700e+01
928,1.3892153800e-01,6.9357015400e-02,2.4500438200e+01
929,-5.6676544000e-02,4.1318880100e-01,-4.2311158800e+01
930,1.9678871100e-01,4.3692132200e-01,6.0671614500e+01
931,-5.2386964300e-01,-2.8188026000e-01,7.5022024000e+00
932,-5.9238499400e-01,-9.5205451400e-02,7.3969146900e+00
933,-7.2665298500e-02,5.4642650500e-01,-2.8482548400e+01
934,2.3385957100e-01,-2.7517715000e-01,-5.4202675500e+01
935,5.4972554100e-01,3.2122185200e-01,6.8438737700e+01
936,1.6304842600e-01,3.0656812800e-01,3.7071702800e+01
937,-4.4932193400e-01,-4.2536040500e-01,-3.6574270800e+01
938,-1.8508098100e-01,-4.9963402900e-01,2.9364641100e+01
939,-2.4800403800e-01,-1.9997068200e-01,3.9704159700e+01
940,-4.9769252000e-01,-3.4624684700e-01,-2.3497821400e-01
941,6.0382729900e-03,1.7578293200e-01,5.9166133300e+01
942,-1.8109076200e-01,1.9199775000e-01,-9.3707105700e+00
943,3.9616710100e-01,5.7801623200e-01,1.3533868500e+01
944,-2.6976367800e-01,-1.6553114400e-01,5.6096374400e+00
945,4.5155466900e-01,-2.8340817000e-01,-3.7950437100e+01
946,-1.7821262900e-01,2.3604552400e-01,-5.2947968000e+01
947,3.3801360800e-01,1.1025938100e-01,-1.9309177300e+01
948,5.0182219800e-01,9.9021952800e-02,1.3486904800e+01
949,1.5962384000e-01,-5.5371968100e-01,2.1895491300e+00
950,-9.5490734900e-02,-2.0024860800e-01,2.3497329900e+01
951,-4.7700695300e-01,1.2438400600e-01,9.0988945400e+00
952,1.5375084100e-01,1.7066930100e-01,1.4461378500e+01
953,-1.7728938700e-01,-5.7345092900e-01,-5.3053217100e+01
954,-2.5765414600e-01,-5.0153430000e-01,-7.5907265400e+00
955,4.9482684000e-01,-3.9282078900e-01,-8.3021564800e+00
956,1.7064306100e-01,2.1929996200e-01,3.4393965500e+01
957,3.9996498800e-01,-1.9825242700e-01,-2.5883945100e+01
958,-5.0033845000e-01,2.4175184900e-01,-1.9108412100e+01
959,2.4384372400e-01,3.0603813700e-02,2.1590512800e+01
960,3.6886369300e-01,-5.5142903500e-01,-2.5851200500e+01
961,1.1153433700e-02,5.6506829600e-01,1.3157727700e+01
962,2.9667749100e-01,-1.9667590000e-01,-1.9372828200e+01
963,1.5740046400e-01,-1.7288093600e-01,1.2535168300e+01
964,5.2758819900e-01,-5.4592748100e-01,-1.3279201600e+01
965,1.7544446800e-01,-5.4005661800e-01,-6.9168137100e+01
966,-4.7459036900e-01,-5.3616301000e-01,-5.1809641300e+01
967,7.3834038400e-02,-1.7592704700e-03,7.6547336000e+00
968,2.2725847100e-01,-1.1580645500e-01,-4.7800842200e+01
969,1.4565356100e-01,-2.6802325800e-01,-2.8319421100e+01
970,-6.5656779500e-02,8.7826935000e-02,-3.6514262600e+01
971,-3.9854231300e-02,3.0170973100e-01,4.3842628500e+01
972,3.0199269900e-01,-3.7706949800e-01,-3.4099495600e+01
973,-4.4783493500e-01,4.6319600700e-01,5.1348266900e+01
974,1.3170430800e-01,4.3197874900e-01,-3.6173627000e+00
975,1.3337309700e-01,1.6346695600e-02,5.3175414300e+01
976,-4.4899362400e-01,2.5602395400e-01,1.5874449300e+01
977,-5.7566673300e-01,1.0785485700e-01,4.2786360600e+01
978,-3.6918018400e-01,1.9327479500e-01,-1.5405018500e+01
979,3.8899210700e-01,-8.0302063500e-02,6.8773647900e+00
980,2.4000925300e-01,-3.1079638800e-01,-6.7360764300e+01
981,3.8173597800e-01,-2.5661475300e-01,2.5010841300e+01
982,5.7422301400e-03,-1.5839781700e-02,-6.7041059500e+01
983,-2.9579547600e-01,-1.1288758800e-01,3.4617439900e+01
984,-2.6691736400e-01,2.3778595100e-01,1.8046395500e+01
985,-2.3052956200e-01,-7.0241532700e-02,3.9875774800e+01
986,4.9450550000e-01,-2.9073827900e-01,-5.3318494500e+00
987,-2.9206080800e-01,5.8143495500e-01,3.3619329600e+01
988,4.2353529600e-01,-1.2989451500e-01,-5.1686631300e+01
989,3.9053680900e-01,8.7634572000e-02,-4.5839113100e+01
990,-3.2805676700e-02,-1.3143529900e-01,-5.4356521900e+01
991,9.4350861100e-02,-5.9362285900e-01,6.4129195400e+00
992,7.5976914300e-02,3.8373045900e-01,5.9547724300e+01
993,5.7634512300e-02,3.6694017400e-01,-1.8803922500e+01
994,4.5441919200e-02,3.6587499500e-01,2.9635324700e+01
995,-5.0317941700e-02,1.9605624300e-01,-2.2400418800e+01
996,-5.5025631200e-01,3.2352362600e-01,1.6403648300e+00
997,-4.9726695100e-02,-1.9206302100e-01,-3.3293237400e+01
998,4.3829010400e-01,4.6548892500e-01,-4.1756929900e+00
999,-2.4583458700e-01,5.0274533000e-01,6.6210132700e+01
1000,1.0982337400e-01,-3.6789922700e-01,-4.2594829000e+00
