case,eps_1d_mid_post,UR1,UR2,UR3
0,1.12359800e-03,-4.38605140e-02,-1.50813610e-01,-3.78365600e-02
1,3.28416241e-03,-3.00555700e-01,-4.11427770e-02,2.79845610e-02
2,2.54615944e-03,-2.62203400e-01,2.53268950e-02,-1.02758500e-02
3,1.82397697e-03,-8.09169100e-02,-8.55121000e-02,3.84369160e-02
4,1.83723726e-03,4.45932930e-02,-1.27217430e-01,-5.58651650e-02
5,2.79517242e-03,-1.58057140e-01,1.92260920e-01,-6.03695100e-02
6,2.90270748e-03,2.26964100e-01,1.04678000e-01,4.86798850e-02
7,3.20476143e-03,2.84432020e-01,6.76606740e-02,3.93963830e-02
8,1.45306180e-03,-1.82293180e-01,4.36806640e-02,7.79162450e-04
9,2.19976603e-03,2.29411650e-02,-2.04548800e-01,-9.18471200e-02
10,2.72761824e-03,1.96923420e-01,-1.35346400e-01,-4.65642620e-02
11,1.75462480e-03,1.75619830e-01,-4.46181670e-02,-8.15424100e-03
12,2.80057023e-03,2.19666960e-01,5.50157170e-02,3.51528530e-02
13,3.06358871e-03,2.95814420e-01,-6.69373300e-02,-2.91667340e-02
14,8.15556945e-04,2.97767930e-02,8.73758600e-02,2.21091140e-03
15,1.45840900e-03,-3.71032660e-02,-9.00633900e-02,3.39962900e-02
16,9.87427746e-04,2.92499600e-02,-1.21473030e-01,3.72909600e-04
17,2.25931541e-03,-1.28483760e-01,4.19112260e-02,-3.00062900e-02
18,1.26151580e-03,-9.27635600e-02,-8.84064600e-02,3.55036860e-03
19,2.94190804e-03,2.79382770e-01,9.03641100e-02,2.94383950e-02
20,2.19566814e-03,1.13091424e-01,1.77355230e-01,3.09462850e-02
21,2.99247251e-03,1.50095660e-01,1.68672100e-01,1.01987060e-01
22,3.38860972e-03,3.11791300e-01,-7.91630450e-02,-4.28587160e-02
23,2.70108176e-03,-2.88505670e-01,2.23787260e-02,-9.12902900e-03
24,2.53534152e-03,5.30467630e-02,-2.14144630e-01,-1.09416410e-01
25,2.08662176e-03,6.93868600e-02,1.68631060e-01,5.44378760e-02
26,2.18365042e-03,-1.83952870e-01,-6.93811550e-02,2.19856440e-02
27,1.86977211e-03,-8.63922000e-03,-1.93443330e-01,-7.90659100e-02
28,7.60124253e-04,-2.14791690e-02,-2.16766260e-02,6.10160180e-03
29,1.32069768e-03,9.24514460e-02,-9.84151900e-02,-3.69932400e-03
30,3.09579645e-03,-1.55338260e-01,1.76850560e-01,-1.10025520e-01
31,1.40640550e-03,-7.66161460e-02,4.31153740e-02,-1.60441120e-02
32,1.49861232e-03,-6.95800800e-02,4.13869170e-02,-1.92484450e-02
33,1.49212620e-03,5.38181660e-02,2.16618270e-01,-5.51407800e-02
34,1.26419413e-03,-3.48296130e-02,1.56205970e-01,-7.12661250e-04
35,2.26348080e-03,-1.92070300e-01,1.42365080e-01,-6.19461600e-03
36,2.94888032e-03,-2.36154440e-01,-8.32679640e-02,4.57784870e-02
37,1.24688981e-03,-4.98429460e-04,1.03891620e-01,-3.51126860e-02
38,3.35252397e-03,-2.56738600e-01,-8.25123300e-02,6.26739900e-02
39,1.29733928e-03,7.59160150e-02,-1.65826290e-01,2.70043160e-02
40,1.73947665e-03,2.10140300e-01,-2.76070460e-02,-2.91623570e-03
41,2.38108149e-03,-1.64086710e-01,1.73703950e-01,-1.74258350e-02
42,2.10690973e-03,1.50923860e-01,1.28621460e-01,2.09234080e-02
43,1.45794193e-03,-6.18026400e-03,1.33951830e-01,-4.35905870e-02
44,2.43582333e-03,1.35922370e-01,1.27622770e-01,5.68337180e-02
45,1.09036451e-03,1.41366780e-01,2.44902150e-02,-1.74202610e-05
46,1.75083192e-03,5.78679780e-02,1.17962800e-01,4.29855770e-02
47,7.84637723e-04,3.10042350e-02,6.42323800e-02,5.92973740e-03
48,1.94382702e-03,-1.89933420e-01,-8.38801700e-02,7.28221140e-03
49,2.12606103e-03,-1.27172430e-01,2.32165830e-02,-1.63793200e-02
50,5.79798037e-04,-1.26872650e-02,-6.41663700e-02,2.74322500e-03
51,8.22409233e-04,-5.41223660e-02,1.16259770e-01,1.98400230e-02
52,3.63614093e-03,2.57905900e-01,-1.50653780e-01,-1.00534536e-01
53,2.26917658e-03,-1.98354560e-01,1.24990314e-01,-1.11751160e-02
54,1.14079224e-03,-1.47798510e-01,-2.03858780e-02,4.06110280e-04
55,9.62495931e-04,-6.75093700e-02,-4.56123130e-02,5.84114200e-03
56,1.38248159e-03,3.25315970e-02,1.82198630e-01,-2.91647370e-03
57,2.19784765e-03,1.18911730e-01,1.77231070e-01,2.70926840e-02
58,2.38697943e-03,-2.54654680e-01,8.55330150e-02,-8.27772100e-03
59,2.05748857e-03,-5.38493950e-02,-1.91376850e-01,5.24097100e-02
60,2.31887718e-03,-1.55817520e-01,-4.59992250e-02,2.86338180e-02
61,1.80113955e-03,2.07549560e-01,-7.09216900e-02,9.72001200e-04
62,1.20756812e-03,4.02946550e-02,-1.55659780e-01,4.18899470e-02
63,3.45014523e-03,2.62857200e-01,-1.49939480e-01,-7.45084200e-02
64,1.49390959e-03,2.77727730e-02,1.92292060e-01,-4.77867830e-02
65,1.62922196e-03,2.42878760e-02,1.15325800e-01,5.04965340e-02
66,2.52303463e-03,2.48987870e-01,-2.78677470e-02,-1.21323600e-02
67,2.04520613e-03,1.81141110e-01,7.48249500e-02,1.63794590e-02
68,2.13046058e-03,-1.46724450e-01,-8.14807500e-02,3.16545370e-02
69,2.20268006e-03,-6.00335370e-02,1.52984810e-01,-7.82781500e-02
70,1.13916639e-03,1.41179350e-01,-5.94515580e-02,6.17035940e-03
71,3.31371197e-03,-1.99685630e-01,-1.91652980e-01,9.62120800e-02
72,3.15985806e-03,2.89527620e-01,-6.10703080e-02,-3.39140260e-02
73,2.67865550e-03,-1.28073000e-01,1.72008740e-01,-7.85522300e-02
74,2.07956183e-03,1.95518100e-01,-1.00449935e-01,-8.23995900e-03
75,1.35290917e-03,2.36144870e-02,2.04311330e-01,-1.99622120e-02
76,3.09949974e-03,-3.37919150e-01,1.36055000e-02,-6.82244500e-03
77,2.15790924e-03,7.05442800e-02,2.09435750e-01,4.06796500e-02
78,3.06136469e-03,2.86044870e-01,-2.48492620e-02,-1.62397180e-02
79,1.92514997e-03,-6.91031200e-02,1.40932340e-01,-4.71598700e-02
80,9.01168944e-04,3.71374260e-02,3.20131260e-02,8.46395400e-03
81,3.06077362e-03,-3.27524720e-01,1.32472810e-02,-6.89919150e-03
82,2.95758696e-03,1.83776240e-01,-1.86160560e-01,-6.31501300e-02
83,5.88166882e-04,9.20143000e-04,1.57095230e-02,-4.54318520e-03
84,1.99666096e-03,-1.12255320e-01,1.01347190e-01,-3.69108730e-02
85,1.77813903e-03,-8.91347400e-02,1.35433440e-01,-2.44662780e-02
86,2.32437666e-03,-2.77772700e-01,-1.56400820e-02,3.78544160e-03
87,8.54634739e-04,8.69993400e-02,-1.90227970e-03,-3.01038000e-04
88,1.23920008e-03,-1.09473735e-01,9.50867160e-02,5.86786700e-03
89,2.85245983e-03,2.84682870e-01,6.27963800e-02,2.25400500e-02
90,2.57968511e-03,-1.52037200e-01,1.70438190e-01,-4.91410420e-02
91,3.12583493e-03,2.73825170e-01,3.73193440e-02,2.62139180e-02
92,1.30628346e-03,5.88424580e-02,-1.23961850e-01,-7.49129850e-03
93,2.26189673e-03,2.18370240e-01,-6.23536100e-02,-1.58416610e-02
94,1.54179808e-03,-1.83895680e-02,1.87745140e-01,4.86005200e-02
95,2.46805400e-03,-1.90182430e-01,6.21191700e-02,-3.15695100e-02
96,1.95647772e-03,-8.39921700e-02,8.95726600e-02,-4.54400370e-02
97,8.57490049e-04,-5.31825500e-02,-6.31915600e-02,3.34750980e-03
98,2.19847453e-03,-1.53644640e-01,-1.90509070e-01,-5.68744260e-03
99,2.72093067e-03,-2.51916140e-01,4.88116220e-02,-2.28421930e-02
100,1.99406367e-03,2.14465830e-01,8.86528500e-02,4.75870400e-04
101,1.21778833e-03,-1.54157070e-02,7.37329700e-02,-2.80294440e-02
102,2.24352752e-03,-2.08777800e-01,-3.13298850e-02,1.27663430e-02
103,2.33510635e-03,1.81815200e-01,-6.54045260e-03,-4.40651100e-03
104,2.73522047e-03,1.58819050e-01,-1.81401580e-01,-5.74493520e-02
105,3.84739921e-03,-2.80793640e-01,-1.55884980e-01,1.09504980e-01
106,2.66045741e-03,2.05157970e-01,-2.50095950e-02,-1.82388690e-02
107,3.50194901e-03,-2.74312650e-01,-9.12702800e-02,6.87653800e-02
108,2.47306193e-03,-2.15007870e-01,-7.86745800e-02,2.64564800e-02
109,2.36716613e-03,1.17009090e-01,-9.90992900e-02,-6.00074400e-02
110,3.10496133e-03,3.18322700e-01,-2.87125610e-02,-1.51229250e-02
111,2.97694881e-03,-1.55213950e-01,1.80814640e-01,-9.21754600e-02
112,2.93967657e-03,-2.41742100e-01,-9.48574100e-02,4.43488060e-02
113,1.76718526e-03,1.50991720e-01,1.43340620e-02,5.87277670e-03
114,3.01567653e-03,2.99910960e-01,-1.67236780e-02,-9.96187900e-03
115,1.34568784e-03,1.60999400e-01,-5.79819570e-02,3.12823900e-03
116,1.35938675e-03,4.01527170e-02,-1.82805500e-01,4.62787450e-02
117,1.35824603e-03,-6.49680700e-02,8.75315140e-02,-1.85201910e-02
118,1.76481066e-03,1.91500400e-01,1.95072240e-02,4.39631940e-03
119,2.87988186e-03,-1.48719150e-01,-2.11646450e-01,6.96671000e-02
120,7.79354299e-04,-6.70900300e-02,-1.07307710e-01,-2.24715530e-02
121,1.92009682e-03,8.95311200e-02,-2.16248270e-01,9.99082900e-03
122,2.36256356e-03,1.24347510e-01,8.82183500e-02,5.43124200e-02
123,2.21015308e-03,-2.24468630e-01,-3.76451350e-02,1.11527240e-02
124,2.61865007e-03,-2.00317340e-01,6.70101000e-02,-3.66288500e-02
125,1.89040085e-03,4.86557820e-02,-1.49362360e-01,-5.42727670e-02
126,3.22834712e-03,-2.24086600e-01,1.81510430e-01,-6.71925540e-02
127,1.41744895e-03,-1.81962970e-01,4.31974840e-03,-4.89912000e-04
128,3.35795917e-03,-3.30069630e-01,5.76868600e-02,-3.06006400e-02
129,1.83971474e-03,4.51978040e-02,-1.81386100e-01,-3.84009780e-02
130,2.11167644e-03,1.65220700e-01,-1.72990860e-01,9.92107700e-03
131,1.21504120e-03,1.30129920e-01,9.34673250e-02,-1.35726980e-02
132,2.34433525e-03,1.16613960e-01,-1.74116830e-01,-4.66995570e-02
133,1.76781446e-03,1.54206380e-01,1.21098150e-02,4.91447300e-03
134,1.59941377e-03,2.44400220e-02,1.78331100e-01,2.83336230e-02
135,3.79245061e-03,3.82392380e-01,3.34749970e-02,2.39364470e-02
136,1.10995713e-03,-1.21958055e-01,6.51104400e-02,4.57034260e-03
137,2.49828588e-03,-2.70596200e-01,-8.49659800e-03,3.46570500e-03
138,1.39760077e-03,-8.39015250e-02,1.43991460e-01,8.30997300e-03
139,1.70524713e-03,9.11354800e-03,-1.81396070e-01,6.38569440e-02
140,2.37424329e-03,2.59483000e-01,-9.63305100e-03,-3.56138570e-03
141,6.86884382e-04,2.37535350e-02,-4.40009500e-02,1.44102420e-02
142,1.22151276e-03,-5.93080330e-02,-9.05249940e-02,1.25836830e-02
143,1.58903999e-03,7.39396600e-02,-1.89947900e-01,1.52697920e-02
144,2.01973176e-03,1.12194910e-01,4.48209940e-02,2.74444130e-02
145,1.25409099e-03,1.56534120e-01,-4.56516220e-02,1.98917100e-03
146,2.13388821e-03,-1.58857260e-01,3.50623240e-02,-1.85796710e-02
147,2.76330940e-03,-1.54001060e-01,1.75417530e-01,-6.72773300e-02
148,2.06283792e-03,-1.40620220e-01,1.45813150e-01,-1.58235780e-02
149,1.40153276e-03,1.19441636e-01,-1.08936906e-01,6.28071560e-03
150,1.77218821e-03,-4.19878300e-02,1.46960600e-01,-4.76458780e-02
151,1.58631299e-03,7.61974600e-02,3.87289150e-02,1.95390340e-02
152,3.87688101e-03,3.85183840e-01,3.12201300e-02,2.42372940e-02
153,2.20036829e-03,-2.14743060e-01,-7.46303600e-02,1.35296630e-02
154,1.45107429e-03,-1.13685735e-01,-5.84431100e-02,1.10618240e-02
155,2.76102818e-03,1.76340090e-01,1.80571780e-01,4.73685450e-02
156,1.93104632e-03,1.99633290e-01,-8.78332000e-03,-2.96244720e-03
157,2.56047773e-03,-1.67112350e-01,-9.92896100e-02,5.12272400e-02
158,2.50198410e-03,3.06931350e-01,7.51523300e-04,2.21659560e-04
159,1.64209412e-03,-1.41414610e-01,-8.65556300e-02,7.30256640e-03
160,3.17793969e-03,2.68152030e-01,-7.05424850e-02,-4.40842550e-02
161,2.46204226e-03,-2.01512460e-01,-1.42429930e-01,1.78888960e-02
162,2.95595202e-03,-1.48724320e-01,1.45322930e-01,-1.00693874e-01
163,2.82939506e-03,2.88507000e-01,-6.39968900e-02,-2.06490920e-02
164,3.33599721e-03,3.20110860e-01,2.57048300e-02,1.78364520e-02
165,9.75461165e-04,6.13214370e-02,1.46093860e-01,-3.17974840e-02
166,1.19278978e-03,2.04016860e-02,1.68327230e-01,-2.18413230e-02
167,3.42877125e-03,3.76142350e-01,-3.55030830e-03,-2.14441330e-03
168,1.11187543e-03,4.22086100e-02,-1.22954205e-01,-1.74323310e-03
169,1.93641847e-03,1.75653790e-01,4.83818430e-02,1.35238280e-02
170,2.29609954e-03,1.71307120e-01,1.33574660e-01,2.38153360e-02
171,2.64525055e-03,-2.26824150e-01,-3.48399900e-02,2.03200340e-02
172,1.60372852e-03,1.72535970e-01,4.92962670e-02,4.23225670e-03
173,2.29075191e-03,2.14620870e-01,-3.56040300e-02,-1.41080740e-02
174,2.53642489e-03,2.68606900e-01,2.18847060e-02,8.46547300e-03
175,2.72707920e-03,-1.89050820e-01,-5.93047100e-02,4.18634000e-02
176,1.90624107e-03,-1.02701330e-01,6.43555300e-02,-3.20564020e-02
177,8.72463949e-04,-2.15869680e-02,-1.25124590e-01,-1.40316560e-02
178,1.24055983e-03,-1.35444660e-01,2.80426140e-02,-2.71080460e-03
179,1.43478505e-03,2.37867350e-02,-1.65598880e-01,5.03683650e-02
180,1.53961654e-03,-2.94511580e-02,-1.66003200e-01,2.51269940e-02
181,7.70308261e-04,8.93129000e-02,-2.54073000e-02,-2.07786080e-04
182,9.48646581e-04,-6.44528340e-02,-7.55067300e-02,1.15410380e-03
183,2.29473771e-03,1.95294960e-01,3.68223200e-02,1.74853280e-02
184,2.04867676e-03,1.75955370e-01,1.21951340e-01,6.81340100e-03
185,1.76349440e-03,-1.96003800e-01,-2.08636860e-02,4.20145100e-03
186,2.44477951e-03,2.33059700e-01,2.90692880e-02,1.29652970e-02
187,9.61393322e-04,4.83574420e-02,-3.52033080e-02,-8.58480600e-03
188,3.32613779e-03,2.32527820e-01,1.21927710e-01,8.28077000e-02
189,2.78271320e-03,-2.69609720e-01,5.17580470e-02,-2.18325540e-02
190,1.90991264e-03,-1.00141350e-01,9.62671200e-02,-3.65839750e-02
191,1.88280388e-03,-1.38390600e-01,1.32770270e-01,-7.98322200e-03
192,2.14342094e-03,-8.80395600e-02,1.86739190e-01,-3.84247000e-02
193,1.91311144e-03,1.85199400e-01,1.48021900e-02,5.33670750e-03
194,2.19425701e-03,1.63489280e-01,-2.98819990e-02,-1.70623380e-02
195,1.95759487e-03,-5.05212470e-02,-1.55622990e-01,5.81102900e-02
196,2.08684044e-03,1.36379820e-01,-1.97336490e-02,-1.29017650e-02
197,2.42271803e-03,-1.34986900e-01,-8.73153360e-02,5.36487900e-02
198,1.55080685e-03,5.26198670e-02,1.10648970e-01,3.18784300e-02
199,3.69018419e-03,-2.35866380e-01,-1.89505560e-01,1.20779740e-01
200,2.06039450e-03,1.34727700e-01,-6.09270760e-03,-4.31186100e-03
201,2.46086715e-03,-2.87519370e-01,6.70114250e-03,-2.16290700e-03
202,1.41594095e-03,4.39686140e-03,1.17337540e-01,4.38898400e-02
203,3.32294077e-03,3.11192240e-01,5.48785700e-02,3.30071600e-02
204,2.72802573e-03,-2.14543160e-01,-2.16275800e-02,1.62336840e-02
205,3.32632923e-03,-2.95590000e-01,9.63706600e-02,-4.76614350e-02
206,2.06459419e-03,-2.21453310e-01,-9.74954300e-03,3.20451960e-03
207,2.25039092e-03,2.03061480e-01,7.81877560e-02,1.91510080e-02
208,1.72229381e-03,1.00506170e-01,1.82758910e-01,-1.39992500e-02
209,3.67644940e-03,3.48483530e-01,-7.59223000e-02,-4.55756150e-02
210,1.92946792e-03,6.43675800e-02,1.90138650e-01,2.93801130e-02
211,1.92071505e-03,5.91276000e-02,1.69807720e-01,4.29903460e-02
212,1.94669349e-03,1.26412870e-01,9.43805500e-02,2.84412130e-02
213,5.03502756e-04,8.06062200e-02,-1.75913610e-02,1.47788800e-03
214,1.40822409e-03,-8.25546160e-02,5.73703720e-02,-1.67718290e-02
215,3.24534287e-03,2.59877650e-01,-1.02211210e-01,-5.86405360e-02
216,2.22741522e-03,-8.58208800e-02,-2.08098720e-01,3.76725700e-02
217,1.44874403e-03,-7.14904300e-02,1.26004260e-01,-1.10777110e-02
218,2.78057423e-03,-2.56200160e-01,8.97363400e-02,-2.86339400e-02
219,1.17375767e-03,-1.61500190e-01,3.64598260e-02,2.68423180e-03
220,8.55624942e-04,8.85548200e-03,-1.14246780e-01,1.08359335e-02
221,2.35326060e-03,-1.22705240e-01,-1.84836390e-01,3.77411620e-02
222,1.65794643e-03,-9.60177000e-02,1.71917230e-01,9.84314400e-03
223,1.58931649e-03,-1.09230360e-01,-9.01230350e-02,1.48984400e-02
224,1.82579074e-03,-3.44261940e-02,1.24344595e-01,-6.06036150e-02
225,2.97807291e-03,1.91186830e-01,-1.88561720e-01,-5.85216400e-02
226,2.54666098e-03,-1.68847520e-01,-1.17886570e-01,4.92957460e-02
227,2.48401452e-03,1.18853410e-01,-1.11593260e-01,-7.00046940e-02
228,1.50359677e-03,-1.66816100e-01,-2.02745980e-02,3.27505540e-03
229,2.61892657e-03,-2.05081910e-01,-1.32842240e-01,3.29543350e-02
230,1.75851314e-03,9.14417650e-02,-3.18168630e-02,-1.84151920e-02
231,2.39417843e-03,1.74842280e-01,1.50437890e-02,1.07699140e-02
232,1.64144521e-03,1.94339590e-01,3.05366390e-02,2.95816780e-03
233,1.84605304e-03,2.02912200e-01,6.98638800e-02,2.34442650e-03
234,3.18553779e-03,-2.98120860e-01,4.19222560e-02,-2.58473250e-02
235,3.70573878e-03,2.58807600e-01,-1.57941160e-01,-1.08452860e-01
236,1.54839098e-03,6.65940700e-02,1.65367250e-01,2.34054200e-03
237,1.22448313e-03,-4.43950560e-02,8.32872840e-02,-1.90869830e-02
238,1.73270520e-03,1.15184700e-01,-8.41783300e-02,-2.13750230e-02
239,3.41012350e-03,-3.41121440e-01,5.42941600e-02,-2.89164060e-02
240,2.69779813e-03,-2.48190790e-01,4.24606730e-02,-2.10109100e-02
241,2.71355145e-03,2.20410510e-01,-1.19768460e-01,-3.59370000e-02
242,1.97032317e-03,1.49306650e-01,-1.47572040e-01,-2.01427210e-03
243,6.77410204e-04,-3.52879650e-02,9.99992500e-02,1.23392560e-02
244,1.91176924e-03,-9.16478500e-02,2.08938500e-01,6.76839300e-03
245,1.66008875e-03,-5.16400600e-03,-1.59100790e-01,-6.35838360e-02
246,1.25898365e-03,-2.25965680e-02,-9.49834360e-02,2.76922200e-02
247,3.86538415e-03,3.82425790e-01,3.86590320e-02,2.89445430e-02
248,1.69402974e-03,4.80331260e-02,-9.83197600e-02,-4.42798100e-02
249,2.61911762e-03,-2.17356960e-01,3.74905200e-02,-2.23309570e-02
250,2.15292785e-03,-1.43269540e-01,3.57660760e-02,-2.16584750e-02
251,3.33829986e-03,-3.94990470e-01,6.97362400e-03,-3.14000950e-03
252,1.35643852e-03,-1.12611510e-02,1.37206820e-01,-3.11978630e-02
253,1.75969770e-03,-1.34713870e-01,3.16601770e-02,-1.27505820e-02
254,3.19654322e-03,-1.44276960e-01,2.00493160e-01,-1.29805640e-01
255,1.98955422e-03,-2.08014070e-01,7.57269340e-02,-5.76508400e-03
256,1.20581096e-03,4.60194270e-02,1.47030890e-01,-4.79727540e-02
257,8.52849519e-04,-1.00437580e-01,-1.54794280e-02,8.06548200e-04
258,2.37875488e-03,8.26627400e-02,-1.83681730e-01,-7.31206700e-02
259,1.47822935e-03,-1.36249990e-01,2.39884310e-02,-6.05766570e-03
260,3.84566685e-03,-3.52102600e-01,7.75075000e-02,-5.48009950e-02
261,2.17283840e-03,-1.43246960e-01,-1.85131910e-01,2.45365940e-03
262,1.73005456e-03,-9.26605760e-02,7.97000500e-02,-2.89516320e-02
263,2.59227255e-03,-1.78490800e-01,-1.90279450e-01,2.05053990e-02
264,1.15760174e-03,4.16361730e-02,1.63930500e-01,-3.44585600e-02
265,1.04540715e-03,1.27711390e-03,-8.41680200e-02,2.51612350e-02
266,1.56273996e-03,1.36819570e-02,-1.48801360e-01,-4.46365440e-02
267,3.34392382e-03,-2.32705980e-01,1.35199740e-01,-8.51985100e-02
268,2.48965921e-03,-1.25933140e-01,-2.11088800e-01,3.60450400e-02
269,6.83167093e-04,3.53370980e-02,3.52944800e-02,4.52433430e-03
270,1.96353943e-03,1.28172050e-01,-8.54796700e-02,-2.91971700e-02
271,2.50173765e-03,2.29752800e-01,-6.53274200e-02,-2.27605180e-02
272,2.97117537e-03,-1.77353490e-01,-2.06093430e-01,5.98454740e-02
273,2.10135006e-03,-3.90891020e-02,-1.65400400e-01,7.93721400e-02
274,1.81520494e-03,1.21338460e-01,-7.30533900e-02,-2.38076150e-02
275,2.76930768e-03,-1.67035500e-01,-1.75107120e-01,5.79991600e-02
276,7.72377195e-04,-7.24658440e-02,-3.75993620e-02,1.02681930e-03
277,1.67499263e-03,5.78921440e-02,5.52858150e-02,3.16036680e-02
278,2.50741136e-03,1.30757530e-01,-1.28923940e-01,-6.61943800e-02
279,2.95563468e-03,2.68494870e-01,-9.93440300e-02,-3.40875350e-02
280,2.30170703e-03,2.29544940e-01,6.98586700e-02,1.42492390e-02
281,9.28493797e-04,1.22759460e-01,5.19865080e-02,-6.64141260e-03
282,1.09266702e-03,1.16521910e-01,-4.45480920e-03,-7.77470500e-04
283,2.14628691e-03,1.47175610e-01,1.59354750e-02,1.05690590e-02
284,2.02967411e-03,-8.34207900e-02,-8.42180800e-02,4.89982030e-02
285,5.47169169e-04,1.96023830e-02,-4.55028640e-02,1.01093970e-02
286,3.50161096e-03,-2.84828040e-01,-1.15138940e-01,6.81100100e-02
287,3.52851746e-03,3.74939470e-01,-1.41025320e-02,-8.96957200e-03
288,1.26260831e-03,7.42115200e-02,-1.35331930e-02,-5.53733400e-03
289,2.41541525e-03,-6.90682500e-02,-1.84973550e-01,8.88546800e-02
290,1.85098422e-03,-2.53995230e-02,2.12385400e-01,-3.69443970e-02
291,1.61483128e-03,-1.81969270e-01,1.64740280e-03,-3.98587670e-04
292,1.03158688e-03,-9.47920160e-02,-5.46205830e-02,1.50550820e-03
293,1.95394780e-03,1.79807350e-01,1.07687384e-01,4.30241000e-03
294,8.26633067e-04,1.56796700e-02,-8.01708550e-03,-3.17727680e-03
295,2.79263930e-03,1.95011900e-01,-1.03035850e-01,-5.54897340e-02
296,1.37530617e-03,-2.88771050e-03,1.52033970e-01,3.59615160e-02
297,6.69451471e-04,3.63437160e-02,-8.92463800e-02,1.69190600e-02
298,2.46245240e-03,-8.25875200e-02,-2.01335710e-01,7.63021700e-02
299,6.74401811e-04,6.67816400e-03,7.24589500e-02,-1.02934300e-02
300,1.44168515e-03,7.11487160e-02,1.20750250e-01,1.27537950e-02
301,2.74317542e-03,2.37258780e-01,8.73221460e-02,3.35805750e-02
302,2.44620871e-03,2.32958600e-01,-2.70783900e-03,-1.48915580e-03
303,1.94699216e-03,1.55679510e-01,3.68650100e-02,1.52991540e-02
304,1.59093253e-03,6.78830100e-02,1.04563530e-01,2.88088790e-02
305,3.13989020e-03,1.33307370e-01,-2.03782450e-01,-1.30624310e-01
306,1.67698916e-03,1.41214220e-01,-1.09145790e-01,-2.04422070e-03
307,3.46599630e-03,-2.06517430e-01,1.90415590e-01,-1.13611250e-01
308,1.90090464e-03,1.01478010e-02,-2.00916990e-01,-6.35891000e-02
309,3.70956523e-03,3.61848300e-01,-4.69791740e-02,-3.24108750e-02
310,3.13152826e-03,-1.78752380e-01,-1.43137900e-01,9.92854100e-02
311,7.97088048e-04,-9.48746500e-03,8.68479700e-02,1.47617980e-02
312,2.24515456e-03,-1.50733500e-01,1.22483230e-01,-3.37713100e-02
313,2.04366011e-03,-1.61642390e-01,-1.15480155e-01,1.54224550e-02
314,2.77451886e-03,1.80909780e-01,9.70917100e-02,5.98306130e-02
315,2.34717674e-03,9.97313600e-02,-2.14506070e-01,-3.72805450e-02
316,1.08190446e-03,-4.53671920e-02,7.18396160e-02,-1.32155210e-02
317,3.21061846e-03,2.76032500e-01,7.94347600e-02,4.55757230e-02
318,2.59013346e-03,-2.77466450e-01,-5.85916040e-02,1.39147410e-02
319,1.92244685e-03,-1.83724600e-01,-3.46152930e-02,1.01549660e-02
320,1.04840795e-03,-1.41602340e-02,-1.11767024e-01,1.44636180e-02
321,1.07527927e-03,6.38157600e-02,-1.28042250e-01,1.37314350e-02
322,9.02589372e-04,-1.25561940e-01,1.94534960e-02,5.94215230e-04
323,1.45849615e-03,5.36322300e-02,9.35623050e-02,2.76450590e-02
324,3.15870449e-03,-2.08875360e-01,-1.12005785e-01,7.93908300e-02
325,3.27502516e-03,-3.58515530e-01,9.95462400e-03,-5.45230600e-03
326,1.03367021e-03,6.28531300e-03,7.07789960e-02,2.22853830e-02
327,3.40634133e-03,2.59325740e-01,1.22808490e-01,7.44054200e-02
328,1.57663852e-03,1.24568990e-01,4.05061500e-02,1.19150635e-02
329,3.60448969e-03,3.52878450e-01,2.38816830e-02,1.79085880e-02
330,3.38879607e-03,2.81149740e-01,1.16024524e-01,6.02358880e-02
331,1.20647494e-03,1.17531784e-01,-1.49961240e-02,-2.96196920e-03
332,2.97967050e-03,2.37049800e-01,-9.45665200e-02,-4.90321100e-02
333,3.26789300e-03,2.57859170e-01,-1.10622260e-01,-6.21940870e-02
334,1.58206011e-03,-5.41682760e-02,1.06744386e-01,-3.39085800e-02
335,1.85348768e-03,2.36947030e-01,-1.40739530e-02,-1.72669290e-03
336,3.45134742e-03,-3.16556400e-01,2.98041680e-02,-2.31875670e-02
337,2.32566320e-03,-1.84889880e-01,6.13582400e-02,-2.69130490e-02
338,2.69569811e-03,-2.29648010e-01,1.26791120e-01,-2.80600790e-02
339,3.07232954e-03,2.19321160e-01,-1.32356000e-01,-6.60956600e-02
340,2.10907474e-03,1.88620090e-01,-9.61768800e-02,-1.37796765e-02
341,3.77779670e-03,3.03881470e-01,1.09217570e-01,8.16690300e-02
342,2.42712951e-03,-1.02886040e-01,-1.28490310e-01,7.52252860e-02
343,3.13459329e-03,1.63421020e-01,2.03966050e-01,9.83076840e-02
344,2.76423294e-03,2.24472600e-01,-1.40596240e-01,-3.23163640e-02
345,7.95806914e-04,-1.49139080e-02,4.68332600e-03,-1.84293430e-03
346,1.84201936e-03,-1.21099636e-01,-1.65860370e-01,-3.82348900e-03
347,2.39259925e-03,-1.36211450e-01,1.10268850e-01,-5.39400800e-02
348,2.13717613e-03,-1.51135850e-01,-1.29379330e-01,2.29673260e-02
349,1.44237382e-03,1.08957940e-01,-1.27477230e-01,8.18027200e-03
350,2.81478530e-03,2.45628240e-01,-1.28245220e-01,-2.90320760e-02
351,1.75032065e-03,1.74276900e-02,-1.79138970e-01,-4.99966900e-02
352,1.19480785e-03,7.75575900e-02,1.36273710e-01,-1.64135470e-02
353,2.27388995e-03,-2.13928070e-01,6.70789260e-02,-1.74755060e-02
354,3.24881620e-03,2.25774140e-01,-1.36161100e-01,-7.96303300e-02
355,1.81606589e-03,3.75210420e-02,1.55269940e-01,5.23151350e-02
356,1.80380259e-03,-1.12454910e-01,1.50815010e-01,-6.61216680e-03
357,2.62912548e-03,1.85478640e-01,-9.72611700e-02,-4.77165580e-02
358,2.34112599e-03,-1.83190270e-01,-7.97483200e-02,3.02700620e-02
359,2.25705547e-03,-1.82928650e-01,-1.70884270e-01,-5.44606800e-03
360,1.33450121e-03,-9.99215200e-02,-1.52212470e-01,-2.73831230e-02
361,1.37034212e-03,-1.30234230e-01,3.34796270e-02,-5.80626900e-03
362,1.42286983e-03,5.92057670e-02,-1.34273630e-01,-1.18500640e-02
363,2.10352861e-03,-1.03665270e-01,-1.45489800e-01,4.15672900e-02
364,2.63207228e-03,1.90258220e-01,1.46027000e-01,3.85100770e-02
365,2.62551292e-03,2.37912540e-01,-1.17721650e-01,-2.12598260e-02
366,2.98049059e-03,2.41939440e-01,-5.83662170e-02,-3.81298800e-02
367,1.58596776e-03,-1.29851610e-01,8.99635800e-02,-7.43202600e-03
368,3.48533242e-03,2.03083340e-01,-1.71880160e-01,-1.24760486e-01
369,2.89197924e-03,3.46733750e-01,1.82280730e-02,5.68410800e-03
370,1.63948855e-03,2.37075090e-02,1.97572530e-01,2.17624620e-02
371,5.76019990e-04,-1.31524830e-02,-2.25540620e-02,4.53061240e-03
372,2.70341442e-03,-2.12816030e-01,9.53431350e-02,-4.09460660e-02
373,2.30175441e-03,-5.39395800e-02,-2.07521300e-01,7.63695760e-02
374,1.42384490e-03,5.34090770e-02,-2.63291470e-02,-1.42775500e-02
375,2.68119876e-03,-1.00420360e-01,-1.62196260e-01,1.03165340e-01
376,2.44330902e-03,1.70646650e-01,-9.58121200e-02,-4.16018370e-02
377,1.37739389e-03,4.35170530e-02,-2.08318260e-01,3.64929850e-02
378,2.68568251e-03,-2.62282430e-01,-2.36999930e-02,1.19269550e-02
379,2.73364397e-03,-1.16177650e-01,1.72176850e-01,-9.52339840e-02
380,2.33506988e-03,2.42186960e-01,4.48761170e-02,1.22976230e-02
381,3.15438081e-03,-3.44861750e-01,5.29176000e-03,-2.87178000e-03
382,5.15868388e-04,-9.34084700e-02,5.24341240e-02,1.33388410e-02
383,1.75171271e-03,-2.20658090e-02,-1.25770170e-01,6.10228370e-02
384,2.09836311e-03,1.18806390e-01,5.33270400e-02,3.21289340e-02
385,3.28312762e-03,2.27158890e-01,1.09023360e-01,7.96930300e-02
386,3.17424043e-03,2.42496830e-01,1.12002280e-01,6.25489800e-02
387,1.56915136e-03,-1.44759490e-01,5.27501700e-02,-8.44868400e-03
388,1.17459290e-03,1.74822750e-01,-1.62947070e-02,7.65414270e-04
389,1.43552916e-03,-5.79686950e-04,-1.52546990e-01,3.93469370e-02
390,2.87939926e-03,-1.40166390e-01,-2.11366680e-01,7.78814400e-02
391,1.80401999e-03,-2.17790890e-01,2.76431740e-02,-3.16321200e-03
392,2.68004587e-03,-2.77914670e-01,-7.39538450e-02,1.70530640e-02
393,2.85914197e-03,2.04344480e-01,7.90787100e-02,5.12767100e-02
394,2.34177648e-03,-2.41511000e-01,-6.14939740e-02,1.31912970e-02
395,9.03342599e-04,-1.06046230e-01,2.64453240e-03,-2.90815170e-04
396,1.20743540e-03,6.95899100e-02,-6.78591700e-02,-1.21794250e-02
397,4.95625641e-04,3.76133770e-02,-6.45099060e-02,6.66982260e-03
398,2.67885257e-03,-1.68027710e-01,-1.44740050e-01,5.74036280e-02
399,3.16768974e-03,-2.19906780e-01,1.52120020e-01,-7.26590400e-02
400,2.20094735e-03,1.35314500e-01,1.58076670e-01,2.61706360e-02
401,1.03854643e-03,4.24517280e-02,-6.41279740e-02,-1.28155025e-02
402,5.40037960e-04,-1.42988935e-02,-4.64322300e-02,-8.99049800e-03
403,9.22312969e-04,1.21377370e-02,9.95522400e-02,-2.04871400e-02
404,1.71036712e-03,-1.84023110e-01,-3.89649300e-02,5.65730640e-03
405,2.97306126e-03,-3.52835540e-01,-1.92005650e-02,6.44305300e-03
406,6.84648567e-04,-2.07633430e-02,-2.08812970e-02,-8.41060650e-03
407,2.44865627e-03,2.86479470e-01,9.47962100e-03,2.92361970e-03
408,5.09197774e-04,-8.73169300e-02,-5.99174300e-02,-1.57578070e-02
409,1.87318101e-03,1.29197730e-01,-1.49740020e-02,-8.45912800e-03
410,1.63564334e-03,1.22601580e-01,1.52660130e-01,-1.47799160e-02
411,2.34727118e-03,1.22491480e-01,1.45776140e-01,5.32585600e-02
412,1.30616174e-03,4.46327700e-02,-1.02487450e-01,-2.06453350e-02
413,1.29606309e-03,1.00132875e-01,8.33662100e-02,4.29757960e-03
414,7.25628974e-04,7.23173300e-02,-4.00098000e-02,3.53910900e-04
415,2.30760354e-03,-1.47934870e-01,1.04252994e-01,-4.22619130e-02
416,2.87160037e-03,2.59474600e-01,9.52828150e-02,3.26287930e-02
417,2.48029828e-03,-1.20626524e-01,1.47575560e-01,-6.75573200e-02
418,1.82231789e-03,-1.00496250e-01,-2.90606710e-02,1.72401720e-02
419,3.37330143e-03,-2.68287270e-01,1.13421050e-01,-6.57841100e-02
420,8.82152302e-04,-5.38917500e-02,1.14941950e-01,3.28829140e-02
421,2.12945087e-03,2.03945010e-01,1.13114920e-01,3.50909380e-03
422,1.99155006e-03,9.71202100e-02,-1.68755810e-01,-2.47614920e-02
423,1.52156371e-03,2.31960840e-02,-2.08140220e-01,-5.20690640e-04
424,2.24399057e-03,2.36895710e-01,7.55392900e-02,8.89740900e-03
425,1.96097501e-03,1.52424820e-02,1.81265560e-01,7.59735400e-02
426,1.49249291e-03,-4.26255500e-02,-2.15164470e-01,-4.62979000e-02
427,2.02823223e-03,2.04301580e-01,-1.88259310e-02,-6.38499250e-03
428,1.04030393e-03,5.94366450e-02,7.03162600e-02,7.68623800e-03
429,1.09879697e-03,-1.05484250e-01,-1.05780730e-02,2.09047700e-03
430,2.19153886e-03,-1.66741400e-01,-1.30439920e-01,1.88482590e-02
431,1.41443661e-03,-4.03994200e-02,1.62073820e-01,-7.88904500e-03
432,1.19036084e-03,1.64805390e-02,-5.72637320e-02,-2.42899250e-02
433,5.90401034e-04,3.31930370e-02,-8.16186140e-02,1.30463730e-02
434,1.66294530e-03,-9.14644750e-02,-1.54271160e-01,4.36405200e-03
435,2.59022464e-03,2.01573880e-01,7.36310850e-02,3.63229500e-02
436,3.21244505e-03,3.52821830e-01,3.73513140e-02,1.56002200e-02
437,8.83120718e-04,2.53622080e-02,-6.45722450e-02,-1.11058720e-02
438,3.11005321e-03,1.21364170e-01,2.04569380e-01,1.38215470e-01
439,2.47967522e-03,-1.39297110e-01,-9.17328450e-02,5.65549840e-02
440,2.84175236e-03,1.47378830e-01,1.93194600e-01,7.53548400e-02
441,2.24938455e-03,-1.51740360e-01,4.60833120e-02,-2.72953550e-02
442,1.75786891e-03,-1.22273680e-02,-1.99456160e-01,4.42211140e-02
443,8.29317874e-04,-2.00075620e-02,-5.18815670e-02,1.09351790e-02
444,3.22802856e-03,-3.35535970e-01,4.04450450e-02,-1.97556320e-02
445,1.73151507e-03,-5.10585300e-02,1.12833560e-01,-4.53521830e-02
446,3.46801285e-03,-2.99361400e-01,-6.29981100e-02,4.59778870e-02
447,7.91640056e-04,-5.46316240e-02,1.04622590e-01,2.87482370e-02
448,1.42059606e-03,1.70459080e-02,1.80447940e-01,-3.73760300e-02
449,9.23477045e-04,2.27300300e-02,5.43822270e-02,1.34314540e-02
450,7.77041103e-04,6.38273500e-03,2.67315530e-02,-1.01759150e-02
451,2.12293120e-03,-1.97750540e-01,-6.81820800e-02,1.54778880e-02
452,2.46458624e-03,-1.44219260e-01,1.03089534e-01,-5.51322740e-02
453,2.77165084e-03,-2.33934790e-01,-1.33194970e-01,3.01431640e-02
454,1.25110547e-03,1.50966020e-01,6.63207700e-02,-6.74580500e-03
455,6.54662276e-04,3.59663180e-02,-9.15581660e-02,9.84169800e-03
456,2.95293888e-03,-3.55201300e-01,-2.13290210e-02,6.51065730e-03
457,1.88822310e-03,-1.17130615e-01,1.82592990e-01,7.92168900e-03
458,6.35266556e-04,5.11453560e-02,-7.95481300e-02,1.03960160e-02
459,1.09478414e-03,6.59574800e-04,-1.25422750e-01,-1.96682300e-02
460,2.72286807e-03,1.91218170e-01,4.75804100e-02,3.52854320e-02
461,6.58155128e-04,-7.55692700e-02,-2.33258500e-03,1.97892900e-04
462,2.21563090e-03,1.70543700e-01,-4.98065800e-03,-3.23576220e-03
463,3.46402386e-03,3.35541070e-01,-4.61569000e-02,-2.91291530e-02
464,2.55069534e-03,-1.95692090e-01,-6.49374700e-02,3.43061900e-02
465,1.98160667e-03,-1.66148110e-01,-1.36460130e-01,-1.57890220e-04
466,3.21810269e-03,-3.54441640e-01,-4.12954540e-02,1.64602720e-02
467,3.23856607e-03,2.42276970e-01,-1.53090420e-01,-6.45620700e-02
468,1.01010240e-03,-2.58032500e-02,9.65244200e-02,3.14772870e-02
470,2.06277157e-03,-2.39471510e-01,5.15604240e-02,-4.77562750e-03
471,2.55115701e-03,1.39562670e-01,-1.95711030e-01,-4.23904900e-02
472,1.70372071e-03,-1.80457770e-01,9.04323800e-02,3.81521620e-03
473,3.29191852e-03,-3.20654500e-01,5.61721470e-02,-2.98473090e-02
474,6.12580338e-04,-5.67032440e-03,1.64683420e-02,-4.53246570e-03
475,1.27338738e-03,-4.34467980e-02,-1.06701190e-01,1.80670300e-02
476,1.10304732e-03,1.05502725e-01,-7.88973700e-02,5.07055180e-03
477,3.37150465e-03,3.14859540e-01,-8.10811300e-02,-4.11036700e-02
478,5.36287526e-04,-5.35409560e-02,6.49875800e-02,9.22109700e-03
479,8.41673931e-04,-2.09674670e-02,1.08292760e-01,6.38180800e-04
480,2.82817018e-03,-1.18899480e-01,-1.71270900e-01,1.05771340e-01
481,2.65580736e-03,-1.24060580e-01,1.46696880e-01,-8.41349140e-02
482,3.27623435e-03,-2.30437140e-01,-1.25349950e-01,7.94473300e-02
483,3.52387540e-03,-3.30668570e-01,7.98904450e-02,-4.40381430e-02
484,2.19948959e-03,1.78373110e-01,1.12137840e-01,1.97369600e-02
485,6.29117676e-04,5.45927250e-02,-5.79981320e-02,3.83188000e-03
486,1.60839469e-03,6.55129250e-02,-7.99351260e-02,-3.17527950e-02
487,6.90354885e-04,-3.73396900e-03,-4.98122400e-02,-1.13966740e-02
488,8.48238095e-04,1.42437900e-02,7.13314700e-02,1.20029840e-02
489,3.58477137e-03,-3.73499480e-01,3.96963500e-02,-2.28570270e-02
490,2.05462115e-03,-6.22329640e-02,1.47327650e-01,-6.23958330e-02
491,1.68326813e-03,-7.84588600e-02,8.41622300e-02,-3.14984900e-02
492,1.48015866e-03,-8.69072900e-02,-1.79579700e-01,-2.69368330e-02
493,1.83364424e-03,5.01649570e-02,2.14166270e-01,1.26139680e-02
494,2.10169937e-03,1.35497990e-01,8.19104200e-02,3.40260900e-02
495,2.45748565e-03,-1.39656170e-01,1.68804630e-01,-4.50989830e-02
496,2.29969476e-03,-2.08523650e-01,-1.30833860e-01,6.08447200e-03
497,2.22240183e-03,-2.25205180e-01,-1.52596480e-02,5.95884200e-03
498,3.00707272e-03,3.23454860e-01,-5.45921200e-02,-1.82032720e-02
499,2.35762785e-03,1.98026270e-01,-1.30523430e-01,-1.59699230e-02
500,3.12143172e-03,-1.77255810e-01,1.85657230e-01,-9.11375100e-02
501,8.47984340e-04,-1.31179400e-01,2.46186050e-02,2.53100740e-03
502,1.25998011e-03,1.48090420e-01,-5.35944140e-02,2.06364570e-03
503,1.42123694e-03,-6.50585400e-02,1.42422690e-01,-4.70434700e-03
504,3.01794682e-03,3.61188860e-01,1.00727610e-02,3.69662900e-03
505,1.28102418e-03,1.23602300e-01,1.02382490e-01,-1.19783650e-02
506,1.77481689e-03,9.99319850e-02,1.00752580e-01,2.77485920e-02
507,2.69194913e-03,-1.34598430e-01,1.49764630e-01,-8.03820040e-02
508,2.79467352e-03,3.03051140e-01,1.82341190e-02,7.78580970e-03
509,1.74837183e-03,1.04175840e-01,1.52708840e-01,5.45548970e-03
510,2.87371477e-03,-1.80779320e-01,1.71632190e-01,-6.13950080e-02
511,1.82107392e-03,-1.99272990e-01,-6.09555400e-02,4.07012650e-03
512,1.18993527e-03,-5.92774150e-02,1.71418380e-01,3.11698080e-02
513,3.00862775e-03,-3.35417480e-01,-3.53385320e-02,1.28553590e-02
514,3.11296611e-03,2.18745750e-01,-8.59082860e-02,-6.37465340e-02
515,2.30910968e-03,-1.53206810e-01,8.73263850e-02,-3.97462920e-02
516,2.09655196e-03,-1.53644530e-01,1.06756985e-01,-2.49274220e-02
517,6.17709666e-04,5.44006900e-02,-7.63368900e-02,1.07518550e-02
518,2.75585756e-03,1.02399220e-01,1.99028210e-01,1.01779140e-01
519,1.19077870e-03,-7.56339900e-03,-9.50975640e-02,2.94501300e-02
520,2.24955657e-03,-1.30097100e-01,1.15201530e-01,-4.57477400e-02
521,1.80149597e-03,-6.06814500e-02,8.27722400e-02,-4.40041570e-02
522,2.12858651e-03,1.56176720e-01,-7.52581800e-02,-2.80818700e-02
523,1.44095141e-03,7.68044440e-02,-1.18767075e-01,-1.07767120e-02
524,1.05729600e-03,1.33646200e-01,4.32915580e-02,-2.69050620e-03
525,3.65907117e-03,3.58528050e-01,-2.43949500e-02,-1.86039000e-02
526,3.54181140e-03,3.26475200e-01,-6.68021740e-02,-4.28596960e-02
527,2.97365524e-03,-2.82115220e-01,7.92517100e-02,-3.02561990e-02
528,1.16443456e-03,7.37753360e-02,9.84334200e-02,1.73806390e-03
529,3.00936205e-03,1.40344040e-01,1.65117300e-01,1.13147380e-01
530,2.92502581e-03,-1.73172000e-01,-2.09393900e-01,5.51133900e-02
531,1.72193336e-03,-1.13360750e-01,1.13891280e-01,-1.53998695e-02
532,2.31154966e-03,8.67538100e-02,-1.86435220e-01,-6.00486550e-02
533,1.92800125e-03,3.79938000e-03,2.05304700e-01,7.04293300e-02
534,2.41808164e-03,2.73868170e-01,1.04866340e-02,3.52285080e-03
535,2.08631661e-03,1.41453300e-01,1.51964200e-01,1.44975430e-02
536,7.86608186e-04,5.08068350e-02,-4.98589300e-02,-3.60050960e-03
537,3.06016789e-03,-1.97133180e-01,-1.99332150e-01,5.86596170e-02
538,3.14746868e-03,2.00016870e-01,1.56600220e-01,8.40241500e-02
539,2.21841274e-03,-2.12391330e-01,1.00124690e-01,-1.01427520e-02
540,8.86226801e-04,8.95614550e-02,-9.73712900e-02,1.90624970e-02
541,1.63631643e-03,3.84066630e-02,1.07494170e-01,4.46577970e-02
542,2.32241806e-03,7.11610600e-02,2.06134780e-01,6.44229500e-02
543,1.54382064e-03,8.79673600e-02,-2.17226190e-01,5.32184580e-02
544,3.36550880e-03,-2.53998280e-01,-9.59993900e-02,6.93973300e-02
545,2.30343263e-03,2.12681790e-01,-1.00060880e-02,-5.15714570e-03
546,3.24230339e-03,-2.30299460e-01,-1.46900680e-01,7.46841100e-02
547,1.12696150e-03,-1.27178270e-01,8.14976700e-02,1.14399465e-02
548,2.00450538e-03,1.98921050e-01,7.40902950e-02,9.37207600e-03
549,1.72786805e-03,-1.02636315e-01,-1.31239220e-01,1.47907060e-02
550,1.18534524e-03,2.06097600e-02,1.58643740e-01,5.94234150e-04
551,3.07338849e-03,2.07469960e-01,-1.40282330e-01,-7.29240300e-02
552,3.66590408e-03,-3.88830000e-01,2.48426330e-02,-1.56121750e-02
553,2.84279110e-03,-1.61450900e-01,-2.02498240e-01,5.82358400e-02
554,1.19755984e-03,2.67079120e-02,1.54507430e-01,-3.28656250e-02
555,9.93296650e-04,9.51865240e-02,6.09527530e-02,-1.26051670e-03
556,1.81750344e-03,-1.47046490e-01,1.45179810e-01,8.20229600e-03
557,1.77691333e-03,-9.50895800e-02,9.45132200e-02,-3.04708400e-02
558,2.31462604e-03,7.33519300e-02,-1.85252350e-01,-7.19132700e-02
559,1.58442049e-03,1.01755870e-01,-5.54945400e-03,-2.93319880e-03
560,8.67747283e-04,-4.33926170e-02,-8.74330500e-02,2.73006040e-04
561,3.26397873e-03,-3.53864900e-01,9.37850740e-04,-5.59461700e-04
562,2.78756998e-03,-2.80089880e-01,1.61652570e-02,-8.52222900e-03
563,1.52637513e-03,-1.06680950e-01,-1.74510600e-01,-3.08181100e-02
564,1.46920605e-03,2.36816480e-02,-9.94905800e-02,-3.99549600e-02
565,3.00805096e-03,-1.35298430e-01,-2.02473090e-01,1.07094970e-01
566,3.36226229e-03,2.93047930e-01,4.18095370e-02,3.22284960e-02
567,1.87677284e-03,-4.43436760e-02,-1.90276160e-01,3.84974370e-02
568,4.04100259e-03,4.10821050e-01,-2.98102890e-02,-2.35473640e-02
569,2.41444655e-03,2.42136960e-01,8.22107660e-04,4.11034450e-04
570,2.62745718e-03,-1.59245150e-01,-2.00407640e-01,3.31764970e-02
571,9.62776667e-04,1.66109700e-02,-1.26697580e-01,-1.40215990e-03
572,1.44561802e-03,9.81316300e-02,1.26073420e-01,-2.10045560e-03
573,1.29432299e-03,6.20255700e-02,3.16643560e-04,1.66806870e-04
574,1.92157760e-03,-7.95115000e-02,-8.91082700e-02,4.50122770e-02
575,7.79571472e-04,-1.04361854e-01,-6.02189800e-02,-1.05139990e-02
576,1.82520264e-03,-8.04960400e-02,1.13705090e-01,-3.81086580e-02
577,1.23873902e-03,-1.36591430e-01,-2.06213050e-02,2.47534700e-03
578,2.14364166e-03,1.70594040e-01,-1.68034940e-01,6.88418370e-03
579,1.99943008e-03,1.01065780e-01,1.72384260e-01,2.09411510e-02
580,1.95389865e-03,1.96383200e-01,-9.46723200e-02,-2.54256120e-03
581,5.84745805e-04,-1.18737510e-02,2.80551280e-02,-5.32119500e-03
582,3.10349843e-03,-2.25565510e-01,8.83818100e-02,-6.10677670e-02
583,1.58901216e-03,-4.87460300e-02,-6.08944450e-02,3.23499370e-02
584,1.54826570e-03,1.82515740e-01,8.14087500e-03,1.41916670e-03
585,2.12376896e-03,1.37699250e-01,1.48252680e-01,2.18781900e-02
586,1.83794419e-03,-1.16222024e-01,-1.02901870e-02,6.27602120e-03
587,1.66979916e-03,-1.01772150e-01,-5.73886500e-02,2.16953940e-02
588,2.18254227e-03,1.45513070e-01,7.53351600e-02,3.41732350e-02
589,2.64991072e-03,1.43066180e-01,-1.72152100e-01,-6.32906260e-02
590,9.56348404e-04,-2.40329220e-02,8.05287700e-02,2.81535900e-02
591,2.55780707e-03,1.25701730e-01,1.02103810e-01,7.06004200e-02
592,7.10723479e-04,2.98229530e-02,-2.61179800e-02,-5.27626500e-03
593,8.67208985e-04,7.53010700e-03,-1.20918120e-01,-1.48549870e-03
594,3.33129197e-03,3.91794320e-01,5.29753800e-03,2.46523320e-03
595,1.42188965e-03,-3.61711120e-02,-1.98868270e-01,-1.35599820e-02
596,2.14374901e-03,1.02959230e-01,-1.30325360e-01,-4.94130400e-02
597,2.75371962e-03,-2.80391660e-01,2.44306160e-02,-1.14691630e-02
598,1.97474953e-03,1.59846110e-01,-1.36600600e-01,-2.44378830e-03
599,8.62982923e-04,-1.06146540e-01,-1.88862590e-02,4.31219730e-04
600,9.10881561e-04,-1.25046500e-01,-7.70394830e-03,1.64452310e-04
601,1.84927360e-03,1.49889300e-01,-1.24815606e-01,-3.35902670e-03
602,1.89867167e-03,2.35709980e-01,1.27612740e-02,2.03452240e-03
603,1.35085430e-03,-9.51745400e-02,1.49384380e-01,2.15615150e-02
604,2.31170038e-03,-2.08874090e-01,-1.33242880e-02,6.97856960e-03
605,1.44290815e-03,-2.26917450e-02,-1.06745940e-01,3.83232240e-02
606,2.04500436e-03,-1.90569250e-01,3.43652400e-03,-1.60191570e-03
607,1.94808041e-03,1.26860380e-01,-1.78614600e-01,5.49063000e-03
608,1.16719585e-03,1.24998210e-01,-8.54266800e-02,1.06080150e-02
609,3.21136109e-03,2.98024770e-01,1.87756940e-02,1.37461560e-02
610,9.04142486e-04,-9.27889800e-02,1.09390974e-01,2.62278200e-02
611,8.60258090e-04,5.84893520e-02,4.14340760e-02,4.92442350e-03
612,5.59746817e-04,-6.38398800e-03,8.19705400e-04,-2.46780230e-04
613,3.62175624e-03,3.61290500e-01,-5.74484240e-02,-3.34058250e-02
614,2.23039891e-03,-8.99174960e-02,1.20660530e-01,-6.49250000e-02
615,1.16988285e-03,1.25636130e-01,-5.26536550e-02,1.17529020e-04
616,1.58206250e-03,-1.08215645e-01,2.99864650e-02,-1.21703590e-02
617,1.04093439e-03,1.29979390e-01,8.63606950e-03,6.48890600e-04
618,1.71943864e-03,-1.17416450e-01,-3.46551800e-02,1.51172390e-02
619,1.13831041e-03,-1.10318795e-01,-6.35715800e-02,-2.53115260e-04
620,3.52103924e-03,-3.53212770e-01,-1.42799450e-02,1.03752440e-02
621,1.96839027e-03,-1.24058070e-01,1.74439120e-01,-1.16519300e-03
622,2.52447596e-03,2.56674100e-01,-8.07364660e-02,-1.54153160e-02
623,1.97994081e-03,-1.91768260e-01,-4.24856170e-02,1.12674250e-02
624,2.06710577e-03,-2.57850230e-01,2.53296920e-02,-3.20182620e-03
625,8.37124349e-04,-3.80155500e-02,1.05656415e-01,6.70391200e-03
626,1.02747131e-03,1.26605910e-03,1.33362040e-01,1.10481420e-02
627,2.74532506e-03,-2.72897630e-01,4.12686020e-02,-1.75978220e-02
628,8.27611955e-04,-4.08172160e-02,-9.95047240e-02,-5.60728400e-03
629,1.79699820e-03,7.46446850e-02,-1.48720730e-01,-2.93646680e-02
630,1.62940726e-03,4.59674820e-02,1.77948580e-01,1.66008080e-02
631,2.42010218e-03,-1.07955225e-01,2.15406860e-01,-3.93314660e-02
632,1.75244192e-03,-1.91402670e-01,-3.51749920e-02,5.50648600e-03
633,2.34445463e-03,2.07835020e-01,-1.73019450e-02,-9.22894200e-03
634,2.51764150e-03,-3.09746530e-01,2.85048800e-03,-8.13507650e-04
635,1.56558818e-03,7.16043300e-02,1.66078610e-01,4.06045000e-04
636,3.18863126e-03,2.77667340e-01,8.81028800e-02,4.51488420e-02
637,1.84867100e-03,-1.39041750e-01,-9.71381500e-02,1.71988360e-02
638,1.51341140e-03,-1.09276410e-01,7.94842840e-02,-1.28107155e-02
639,1.62237698e-03,1.46112810e-02,-2.05059680e-01,4.58174200e-02
640,3.27233814e-03,-2.28130040e-01,-1.53950530e-01,7.83481150e-02
641,2.15236186e-03,-1.82243750e-01,-1.27029700e-01,9.36856500e-03
642,1.21100993e-03,3.33292820e-02,1.68229150e-01,-1.09417420e-02
643,5.40000965e-04,2.89799370e-02,6.84226300e-02,-1.12929700e-02
644,1.41911513e-03,-1.00548500e-01,1.71997440e-02,-6.63780800e-03
645,2.86579603e-03,1.46559280e-01,1.70514210e-01,8.77964400e-02
646,2.02547922e-03,1.18698455e-01,6.05355870e-02,3.17721030e-02
647,1.92469140e-03,2.29218860e-01,-4.19786300e-02,-3.64471800e-03
648,1.90157968e-03,1.64602940e-01,4.92695700e-02,1.47435950e-02
649,2.77563628e-03,1.10486336e-01,1.77533500e-01,1.04457080e-01
650,1.81877853e-03,-3.74002000e-02,1.22452565e-01,-5.85111000e-02
651,2.41846719e-03,-1.99219060e-01,-3.47102060e-02,1.90513820e-02
652,2.21541302e-03,-1.99942480e-01,-2.83722520e-02,1.24269580e-02
653,1.45456208e-03,1.34025080e-01,-5.41303600e-02,-6.92508740e-03
654,3.63547617e-03,-3.55601460e-01,-4.98902000e-02,3.24411130e-02
655,1.44710228e-03,3.37582100e-02,-1.03895200e-01,-3.40513030e-02
656,3.60920126e-03,-3.33091100e-01,-6.04023670e-02,4.16857750e-02
657,3.78848784e-03,-2.32479960e-01,1.97418760e-01,-1.39049600e-01
658,3.20671825e-03,1.83457230e-01,-1.51976820e-01,-1.04745350e-01
659,1.58428053e-03,-1.19520300e-01,-6.86875700e-02,1.41906800e-02
660,2.02775319e-03,1.68931290e-01,1.18861250e-01,9.78034100e-03
661,1.35272546e-03,-4.75026100e-02,-1.52012320e-01,3.59419800e-03
662,2.99087449e-03,2.69847630e-01,2.59883400e-02,1.74409150e-02
663,6.95934923e-04,-1.35037700e-02,-9.85646800e-02,-7.82915200e-03
664,1.76304396e-03,2.70266320e-03,-2.09923480e-01,5.11261860e-02
665,1.97179946e-03,1.84621160e-01,-6.37156600e-02,-1.29971750e-02
666,1.81763693e-03,-1.76530630e-01,-7.16804000e-02,7.94102400e-03
667,2.46171506e-03,1.68927800e-01,-4.25968800e-02,-2.88735090e-02
668,2.27708745e-03,1.36791170e-01,1.80427130e-01,2.12575120e-02
669,2.15860902e-03,1.40915690e-01,1.40485840e-01,2.63257120e-02
670,2.17594903e-03,2.73236330e-01,-8.29199000e-03,-1.64379560e-03
671,2.11298634e-03,-8.60704600e-02,1.96578170e-01,-3.04646600e-02
672,1.72602281e-03,1.17246630e-01,1.60050170e-01,-8.55240800e-03
673,9.50078938e-04,-3.80032360e-02,1.17870525e-01,2.97874040e-02
674,1.55803749e-03,-8.26331400e-02,6.10712700e-02,-2.26384660e-02
675,1.28383085e-03,9.98240900e-02,-2.92182150e-02,-7.55410460e-03
676,3.08471814e-03,1.93849270e-01,-1.51884030e-01,-8.20317200e-02
677,1.22274103e-03,1.09517760e-02,1.49867420e-01,-2.75095550e-02
678,1.63596343e-03,-1.58363330e-01,1.18719310e-01,1.22727975e-02
679,2.24267714e-03,1.94137100e-01,-1.10774480e-01,-1.61024560e-02
680,3.21893304e-03,2.27149460e-01,1.30378680e-01,7.58642500e-02
681,3.00821577e-03,3.12068760e-01,-9.91725700e-03,-5.58452500e-03
682,3.03439111e-03,-3.02980450e-01,-7.71335800e-02,2.64428700e-02
683,3.67843979e-03,3.40620070e-01,-5.67345620e-02,-4.10616100e-02
684,2.09044419e-03,-1.73779130e-01,-9.91326700e-02,1.77500150e-02
685,8.34073856e-04,-4.56600000e-02,1.21354430e-01,1.84014370e-02
686,3.07875183e-03,1.45577160e-01,-1.63719220e-01,-1.18369386e-01
687,5.97392574e-04,8.09028900e-02,4.33343720e-02,-5.56713060e-03
688,1.63175460e-03,1.14065655e-01,8.32403600e-02,1.66022310e-02
689,2.44523704e-03,1.35773080e-01,6.46533740e-02,4.66931500e-02
690,1.36339767e-03,-1.18725910e-01,-1.36661590e-01,-2.40778890e-02
691,2.94665698e-03,2.19806690e-01,-1.30650030e-01,-5.41461450e-02
692,1.27239977e-03,-1.02623600e-01,-1.46454630e-01,-2.97330900e-02
693,1.81915873e-03,-1.01637740e-01,8.69160600e-02,-3.07249370e-02
694,2.86839861e-03,-2.77017030e-01,-6.22609540e-03,3.97497930e-03
695,3.03298620e-03,2.00674060e-01,1.52457580e-01,7.11217200e-02
696,2.44117651e-03,1.78922860e-01,1.60780330e-01,2.07996520e-02
697,2.37072801e-03,7.05895200e-02,1.56823140e-01,8.90416000e-02
698,1.72392171e-03,8.38955400e-02,-4.61424180e-02,-2.45168100e-02
699,1.17485683e-03,3.80063170e-02,1.67206630e-01,-3.22986360e-02
700,2.76494422e-03,2.23359670e-01,-8.97348750e-02,-4.03270160e-02
701,3.95286836e-03,4.13006400e-01,-1.83390860e-02,-1.39228950e-02
702,1.42954412e-03,2.23762370e-02,1.75835760e-01,-4.45001570e-02
703,2.32086085e-03,-2.36396340e-01,3.82972470e-02,-1.20606240e-02
704,2.24548702e-03,-3.84957830e-02,-1.97582800e-01,8.73355600e-02
705,1.50390937e-03,2.06298410e-01,-2.83686720e-03,-2.17847060e-04
706,2.67788553e-03,1.10117406e-01,-1.64586170e-01,-9.46547760e-02
707,7.79316590e-04,1.34195100e-02,8.52728400e-02,6.45048600e-03
708,3.23125086e-03,-2.89417100e-01,3.80957500e-02,-2.68663610e-02
709,7.50629032e-04,-9.53670700e-02,2.51013130e-02,6.37643160e-04
710,2.80941425e-03,1.51051040e-01,-1.45754620e-01,-8.23500900e-02
711,2.93238086e-03,3.53989420e-01,7.06849400e-03,2.49672400e-03
712,2.38366694e-03,2.38764420e-01,1.10097650e-03,5.42824500e-04
713,3.31383838e-03,-2.86911600e-01,-9.15778500e-02,5.00031970e-02
714,1.60386798e-03,-2.12705150e-01,6.04834200e-03,-5.97639400e-04
715,3.47118746e-03,3.83128940e-01,-2.06851530e-02,-1.10231800e-02
716,2.79802213e-03,-2.65657340e-01,-1.04147345e-01,2.42115690e-02
717,2.68484699e-03,1.75132560e-01,1.60926360e-01,4.82654800e-02
718,1.06492463e-03,9.33265400e-02,7.14249240e-02,-8.50226200e-04
719,3.45376994e-03,-2.71905360e-01,1.21244654e-01,-7.13906900e-02
720,2.43641310e-03,2.35811950e-01,1.10924110e-01,1.11160010e-02
721,3.25879712e-03,-2.44167240e-01,-1.44513130e-01,6.73984440e-02
722,5.15694654e-04,-5.60852070e-02,-7.24596800e-02,-1.74153040e-02
723,2.38575659e-03,2.07958520e-01,5.88203630e-02,2.29960460e-02
724,3.63668483e-03,-3.45204200e-01,7.65747400e-02,-4.46213930e-02
725,2.49727132e-03,-1.80809890e-01,1.74260650e-01,-1.80201720e-02
726,2.40446649e-03,1.73259590e-01,-3.02100260e-02,-2.02254600e-02
727,1.85712570e-03,9.86799750e-02,1.52865960e-01,1.85572500e-02
728,1.47049348e-03,4.04580200e-02,-8.26804900e-02,-3.31800300e-02
729,2.83175140e-03,-2.01460840e-01,-1.09630150e-01,5.57150650e-02
730,1.69081372e-03,-1.91106720e-02,1.57448140e-01,-5.09895300e-02
731,3.23109322e-03,3.19056400e-01,3.85692130e-03,2.75167900e-03
732,2.68028062e-03,-2.14605120e-01,-3.64143620e-02,2.38523600e-02
733,2.24273009e-03,2.00070430e-01,-1.08428800e-01,-1.42416420e-02
734,3.74167768e-03,-2.20387800e-01,-1.99100660e-01,1.43633950e-01
735,2.29205143e-03,1.27143730e-01,8.08346800e-02,4.72812300e-02
736,1.69562452e-03,1.71870780e-01,-7.38055400e-02,-3.54774950e-03
737,1.42895658e-03,-6.61301600e-02,-1.65023270e-01,-8.48549300e-03
738,2.46852044e-03,2.80929920e-01,-2.53606870e-02,-7.10440300e-03
739,2.18101403e-03,1.89331000e-01,-8.34184400e-02,-1.96821820e-02
740,8.03307464e-04,-8.20204400e-02,-7.69498350e-02,-1.08099785e-02
741,1.78378219e-03,-2.21825020e-01,-3.64796560e-02,1.93696150e-03
742,2.66466152e-03,-2.68879030e-01,2.55914010e-02,-1.16220900e-02
743,8.81126281e-04,-1.18153350e-01,-4.44448700e-02,-4.86993650e-03
744,3.17221540e-03,2.93165500e-01,-3.27992550e-02,-2.18946040e-02
745,2.35379168e-03,-2.73909400e-01,-1.29850450e-02,3.71591350e-03
746,1.42572593e-03,-1.05430570e-01,9.69817700e-02,-5.33079800e-03
747,3.25704892e-03,-3.21511450e-01,-2.64631700e-02,1.66182830e-02
748,1.40083949e-03,1.03938870e-01,6.21213020e-02,1.13647750e-02
749,1.69365063e-03,3.69751040e-02,2.17584670e-01,-6.74496300e-02
750,3.72268999e-03,3.53801520e-01,5.76351660e-02,3.98584380e-02
751,7.42591186e-04,1.31413430e-01,1.16203990e-02,-1.33933520e-03
752,1.45960795e-03,1.13531260e-01,-8.47083500e-02,-7.73999650e-03
753,1.67970556e-03,-1.09690220e-01,1.44937830e-01,-5.96639060e-04
754,5.88506030e-04,1.25435320e-01,7.85647060e-05,-1.08365075e-05
755,1.92545796e-03,1.21695060e-01,1.92160080e-01,-1.40950400e-02
756,2.98804816e-03,-2.49810670e-01,-6.14702300e-02,3.74834050e-02
757,2.59519203e-03,-2.19528780e-01,8.92564360e-02,-3.15427670e-02
758,2.67000958e-03,-2.09552630e-01,-1.03369310e-01,3.99679730e-02
759,1.68841818e-03,-1.28981290e-01,8.88758300e-02,-1.35127090e-02
760,1.18006687e-03,-3.88262830e-02,1.44129570e-01,4.21858580e-02
761,2.20858081e-03,9.75895300e-02,9.13368300e-02,5.60522860e-02
762,1.86906944e-03,1.08494810e-01,2.00469600e-01,-1.73836830e-02
763,7.26153172e-04,-9.32133640e-02,-5.68250980e-02,-8.60062900e-03
764,2.80175026e-03,-2.79559800e-01,9.56271900e-02,-2.04181220e-02
765,1.51965487e-03,-4.37572500e-02,8.49833400e-02,-3.48159800e-02
766,3.14620866e-03,2.24788400e-01,1.04427770e-01,6.84799900e-02
767,3.57695788e-03,3.39430120e-01,-6.68454900e-02,-4.06070760e-02
768,1.46116216e-03,1.10368280e-01,8.98372400e-02,7.60130030e-03
769,5.22550236e-04,2.90898550e-02,3.41394580e-02,-9.84524300e-03
770,1.80575159e-03,-1.92767280e-01,-1.60393100e-02,4.15724500e-03
771,2.16443171e-03,2.22432080e-01,1.04400390e-02,4.01369200e-03
772,1.16183794e-03,1.20927060e-01,-3.02415300e-02,-2.95935600e-03
773,2.05986544e-03,-2.23071050e-01,-8.68797900e-03,2.81258490e-03
774,1.18725541e-03,-1.62068710e-01,2.95743600e-02,1.24544300e-03
775,2.25643577e-03,8.19348700e-02,-2.05778120e-01,-4.62830360e-02
776,3.21673084e-03,3.28195720e-01,3.32276930e-02,1.80182890e-02
777,6.39528353e-04,6.49390400e-02,9.70297160e-02,-2.45582800e-02
778,1.96953409e-03,1.26340020e-01,-6.02014200e-02,-2.75056140e-02
779,1.75295705e-03,1.19283020e-01,1.72247460e-02,8.93560500e-03
780,2.53017111e-03,1.57402110e-01,1.26738120e-01,5.31172040e-02
781,2.58474318e-03,-2.37290010e-01,-8.53355450e-02,2.46227440e-02
782,2.54355511e-03,-1.07493430e-01,-1.52644500e-01,8.26379500e-02
783,3.07953737e-03,1.80181760e-01,-1.64561260e-01,-8.94280000e-02
784,2.48833575e-03,1.31934970e-01,-1.60416400e-01,-5.72314300e-02
785,3.21154795e-03,-2.22233470e-01,1.31840630e-01,-7.82215150e-02
786,1.52867753e-03,-1.32297580e-01,-3.90540600e-02,9.34989100e-03
787,3.01912031e-03,2.24119530e-01,9.23263700e-02,5.69450370e-02
788,1.99779197e-03,9.51484400e-02,6.25855550e-02,3.74580900e-02
789,1.50332356e-03,3.51866900e-02,-7.43277100e-02,-3.55362150e-02
790,7.58734047e-04,-1.01529190e-01,-2.33151880e-02,-8.71797440e-04
791,1.67812184e-03,1.96479170e-01,2.94161530e-02,3.37534260e-03
792,1.67408339e-03,1.12160980e-01,1.49974670e-01,-4.07200870e-03
793,1.41980717e-03,1.15946550e-01,9.77306140e-02,8.03700360e-04
794,2.02842425e-03,-1.34657960e-01,-8.30188800e-02,3.04242340e-02
795,1.61455273e-03,-1.18240350e-01,-3.13219000e-02,1.19116870e-02
796,1.69883466e-03,-7.27504700e-02,-1.29292030e-01,2.87858730e-02
797,1.78353399e-03,7.99190000e-02,-2.04493310e-01,9.32155900e-03
798,3.00970150e-03,2.66968040e-01,2.09844130e-02,1.50687020e-02
799,1.45277642e-03,-7.25918000e-02,-1.50535090e-01,-1.22047240e-03
800,1.68031560e-03,-1.06077190e-01,1.86540660e-01,2.47695540e-02
801,2.65093339e-03,2.03511950e-01,3.38141730e-02,2.34403160e-02
802,1.73269460e-03,-1.54460700e-01,-1.13889910e-01,-1.90040680e-03
803,2.95488775e-03,2.45280400e-01,-1.10444650e-01,-4.36489880e-02
804,4.92572257e-04,8.24860560e-02,2.51022020e-02,-3.16329810e-03
805,2.58911104e-03,1.18174180e-01,1.89204990e-01,6.83975740e-02
806,2.14794878e-03,-1.94259580e-01,-2.43300760e-02,1.05546955e-02
807,2.37707309e-03,-1.56456990e-01,-3.36983400e-02,2.39057650e-02
808,2.91401903e-03,-2.45003640e-01,1.36106900e-01,-3.54789760e-02
809,2.51771739e-03,1.56518150e-01,-5.13228800e-02,-3.77738300e-02
810,2.93914365e-03,-1.93362980e-01,1.54349700e-01,-6.53962900e-02
811,1.90624317e-03,2.04897520e-01,4.87767500e-02,6.98169400e-03
812,2.33253179e-03,-2.34328660e-01,1.12696290e-01,-4.25220700e-03
813,3.71004023e-03,3.74440900e-01,-4.70805280e-02,-2.97311170e-02
814,2.11875770e-03,1.72415540e-01,1.33041200e-01,9.09172600e-03
815,1.34033089e-03,-7.09068400e-02,1.52637750e-01,1.12707720e-02
816,2.84264314e-03,1.70383070e-01,-1.69206370e-01,-6.65358450e-02
817,9.17314013e-04,5.91296500e-02,5.00011300e-02,5.83922630e-03
818,3.00058869e-03,3.16807540e-01,-3.22435300e-02,-1.44484130e-02
819,8.43458126e-04,7.54661200e-02,2.04735060e-02,2.54524380e-03
820,2.14939303e-03,2.38238930e-01,1.66956990e-02,4.78357640e-03
821,2.80705512e-03,-3.36561530e-01,1.54127160e-02,-4.78933900e-03
822,6.52135284e-04,-8.39902400e-03,-8.39063750e-02,-7.61343860e-03
823,2.54876251e-03,2.30886530e-01,-7.53541800e-02,-2.50783280e-02
824,1.59727308e-03,2.00148120e-01,-2.58217420e-02,-1.72386610e-03
825,3.28461790e-03,3.92779170e-01,-1.06103500e-03,-4.74942320e-04
826,2.00081040e-03,-1.27620490e-01,6.15133300e-02,-2.86996070e-02
827,2.16998163e-03,-1.52146430e-01,1.48451130e-01,-1.74939110e-02
828,1.91976923e-03,8.67086900e-02,7.84562300e-02,4.05714060e-02
829,1.78077629e-03,-1.64098750e-01,-3.59185200e-02,1.00374860e-02
830,2.45862797e-03,1.60056860e-01,5.17652400e-02,3.50325960e-02
831,1.04988862e-03,-1.02773060e-01,5.54839370e-02,-2.36789840e-04
832,2.61618345e-03,-1.91221090e-01,-1.25061050e-01,4.21790070e-02
833,3.84866708e-03,-2.49329240e-01,1.82476490e-01,-1.35644230e-01
834,1.28952386e-03,1.03188710e-01,-9.01032900e-02,-9.00424500e-04
835,2.91723595e-03,2.64267980e-01,4.96110300e-02,2.70499160e-02
836,1.85898395e-03,4.42228230e-03,2.04525980e-01,-6.86938600e-02
837,2.50026085e-03,2.42121150e-01,1.02480330e-01,1.50905420e-02
838,3.62000463e-03,-3.48912840e-01,4.37684100e-02,-3.04661230e-02
839,1.93404010e-03,-1.14923420e-01,2.00717270e-01,1.49841000e-02
840,3.86285372e-03,3.01933850e-01,1.30457520e-01,9.50673450e-02
841,2.47599022e-03,2.57015260e-01,6.98301400e-02,1.41706630e-02
842,2.29375919e-03,-1.60203490e-01,1.87748630e-01,-1.96668180e-03
843,1.01866397e-03,1.25626900e-01,5.14187180e-02,-4.36384400e-03
844,3.45753238e-03,-3.80775870e-01,-3.13224970e-03,1.89441130e-03
845,8.32894961e-04,-3.55053700e-02,8.40410300e-02,2.56911700e-02
846,8.24755850e-04,2.88183060e-03,-9.82976000e-02,-9.13714500e-03
847,1.98389002e-03,-1.66101960e-01,2.72841340e-02,-1.18339930e-02
848,1.65541230e-03,-6.20971360e-02,-8.45513340e-02,3.57661620e-02
849,2.51347693e-03,-1.70521140e-01,3.96704860e-02,-2.85322820e-02
850,1.54349388e-03,4.19195600e-02,9.32453900e-02,3.72230670e-02
851,2.57532982e-03,1.57766580e-01,1.98771770e-01,2.89382450e-02
852,3.68391255e-03,-2.79604320e-01,1.47052780e-01,-9.00845200e-02
853,2.06261457e-03,2.23260540e-01,2.91227250e-02,7.08986260e-03
854,3.23479708e-03,2.31243240e-01,-1.57745400e-01,-7.07977040e-02
855,7.73027694e-04,-9.56588300e-02,7.58856160e-02,1.54479000e-02
856,1.24287559e-03,1.60131600e-01,5.95288200e-02,-6.83761900e-03
857,3.56238758e-03,-4.04747800e-01,1.62106580e-03,-9.42457470e-04
858,2.64063930e-03,-1.93389640e-01,-1.69699130e-01,2.71179960e-02
859,2.10268373e-03,1.18264385e-01,6.04624000e-02,3.49859520e-02
860,1.61956251e-03,-1.08912040e-01,1.87642000e-01,3.35831870e-02
861,3.12203027e-03,-2.85020380e-01,9.12845360e-02,-3.82600130e-02
862,3.13123854e-03,-2.40766400e-01,-9.94568800e-02,5.87709770e-02
863,1.95414290e-03,6.15332130e-02,1.15383270e-01,5.70908700e-02
864,1.27781288e-03,1.14811230e-01,7.84118500e-02,2.72852860e-04
865,3.19194254e-03,1.84131790e-01,-1.78149600e-01,-9.75529000e-02
866,1.36225109e-03,6.60869260e-02,-1.25216500e-01,-7.58529700e-03
867,1.31131366e-03,-1.92692520e-02,8.62934600e-02,-3.21876440e-02
868,2.88568149e-03,-2.28999940e-01,1.53901640e-01,-3.61515170e-02
869,1.86898846e-03,-5.63262140e-02,-9.49869400e-02,5.17638770e-02
870,2.22162574e-03,-1.81046250e-01,4.20957730e-02,-1.95931980e-02
871,9.20456693e-04,-1.50875200e-02,1.36796400e-01,9.54516700e-03
872,1.86303486e-03,-7.11600200e-02,1.47378880e-01,-3.81593500e-02
873,3.73583720e-03,2.59045780e-01,1.59903180e-01,1.12233290e-01
874,1.29836836e-03,1.89274600e-01,2.20121120e-03,5.23412160e-05
875,1.19930047e-03,2.24570200e-02,1.44789980e-01,-3.41262040e-02
876,1.55450908e-03,3.84131900e-02,1.95954380e-01,1.87126590e-03
877,2.50510682e-03,-2.50037100e-01,-1.11901656e-01,9.32702800e-03
878,1.90333683e-03,1.24163040e-01,1.52651280e-01,7.72496270e-03
879,1.40897127e-03,-1.59175860e-02,1.73900430e-01,3.85696780e-02
880,2.32399363e-03,-2.40153980e-01,3.57359540e-02,-1.11472580e-02
881,2.58635418e-03,1.50286850e-01,1.51875210e-01,5.77399730e-02
882,1.03824539e-03,-3.52747180e-02,-9.98831240e-02,8.68808700e-03
883,1.21677830e-03,3.59864900e-02,1.71932100e-01,-3.29902320e-02
884,3.25381696e-03,-2.70435570e-01,-1.23632980e-01,5.38986440e-02
885,2.88423258e-03,-2.53131330e-01,-1.08403780e-01,3.49611000e-02
886,2.52907066e-03,-2.22088470e-01,1.06795890e-02,-6.64908300e-03
887,8.08611201e-04,2.74874750e-02,5.80416660e-02,-2.09593800e-02
888,6.35486586e-04,-6.06464040e-03,1.62948390e-02,-4.69197470e-03
889,1.25282190e-03,3.59385270e-02,1.42871410e-01,-4.74075300e-02
890,2.66584506e-03,1.91888720e-01,1.24324890e-01,4.61217240e-02
891,2.53735071e-03,-9.30225100e-02,2.01055290e-01,-7.75656500e-02
892,1.77731472e-03,-1.90866800e-01,1.91112070e-02,-4.52753200e-03
893,2.90821633e-03,-1.31156490e-01,2.08303810e-01,-9.27375300e-02
894,2.32370970e-03,-1.59787000e-01,8.22492840e-02,-3.76585760e-02
895,2.52630852e-03,-1.28992020e-01,2.08158970e-01,-4.02326400e-02
896,1.19174503e-03,2.16365000e-02,1.64065520e-01,-2.76691540e-03
897,1.71082302e-03,-3.13078050e-02,1.48616020e-01,-4.79159730e-02
898,1.83502096e-03,-1.21883510e-01,8.83007600e-02,-2.41916830e-02
899,3.42213704e-03,-2.46272090e-01,1.29223800e-01,-8.44177700e-02
900,1.34107013e-03,3.86146050e-02,-3.21804170e-02,-1.69634260e-02
901,5.89029435e-04,1.55102620e-02,5.69678250e-02,3.71691050e-03
902,1.04929116e-03,-7.76071000e-02,-1.07418150e-01,-1.04328040e-02
903,1.27398466e-03,8.66512000e-02,-1.50360970e-01,2.39962490e-02
904,2.37614061e-03,9.21404800e-02,-2.14897620e-01,-4.76661030e-02
905,1.39285724e-03,-7.81664900e-02,-1.68056670e-01,-2.12410220e-02
906,1.56588515e-03,-1.09461980e-02,1.39902960e-01,-4.90067900e-02
907,3.63033727e-03,3.10333430e-01,-1.00524140e-01,-6.38800600e-02
908,1.61820342e-03,7.22599700e-02,-1.78995460e-01,3.20293300e-03
909,1.96739038e-03,8.53795260e-02,1.77824100e-01,2.53827600e-02
910,2.83335640e-03,2.58741740e-01,-3.61260800e-02,-2.05061470e-02
911,1.37556873e-03,-1.41741470e-01,6.81280800e-02,1.87684300e-04
912,2.08118559e-03,5.35368470e-02,1.30840510e-01,7.21862900e-02
913,2.02490390e-03,-1.49834100e-01,-1.91756430e-01,-2.23453720e-02
914,3.36825596e-03,-1.82092550e-01,1.86350810e-01,-1.23654740e-01
915,1.04948663e-03,7.44021760e-02,-5.54239750e-02,-6.34351470e-03
916,9.37095160e-04,-9.57555550e-02,-2.13002790e-02,2.07553550e-03
917,2.38957189e-03,-1.52796910e-01,1.04524650e-01,-4.58394700e-02
918,2.20991540e-03,7.50623900e-02,-1.33860170e-01,-7.13210550e-02
919,3.05458682e-03,-2.74824470e-01,-1.14532724e-01,3.64854750e-02
920,1.95606166e-03,-1.33314500e-01,-2.36952700e-02,1.33955630e-02
921,2.11814656e-03,-2.21176420e-01,1.96164920e-02,-6.35622200e-03
922,1.11929814e-03,9.32390900e-02,9.43053200e-02,-6.29288100e-03
923,1.48127257e-03,1.20267220e-01,-8.14868960e-02,-7.38194770e-03
924,8.16742244e-04,9.72421900e-03,-8.28492600e-02,1.64385480e-02
925,2.90535565e-03,2.62103600e-01,-6.77616600e-02,-3.18373670e-02
926,2.81267450e-03,1.33837490e-01,-2.00326980e-01,-7.99575700e-02
927,2.45677109e-03,2.54324200e-01,6.48582900e-02,1.43641280e-02
928,1.38895176e-03,9.68664400e-02,5.13038300e-02,1.26746190e-02
929,3.13184900e-03,-3.52499000e-01,-1.87804920e-02,8.28577400e-03
930,2.41378277e-03,1.44717960e-01,7.02268400e-02,4.47092730e-02
931,2.28290691e-03,1.40044300e-01,-1.89448330e-01,-1.39660510e-02
932,2.00544807e-03,7.21110300e-02,-2.15053840e-01,-1.56079850e-02
933,2.80085421e-03,-3.31822780e-01,-2.47748380e-02,7.14428500e-03
934,2.56488119e-03,-1.72037080e-01,8.29266000e-02,-4.70393970e-02
935,3.75560542e-03,2.34604500e-01,1.84378980e-01,1.34692580e-01
936,1.48832788e-03,7.17013300e-02,6.01378900e-02,2.25644630e-02
937,1.85505783e-03,-2.79189260e-02,-1.64698730e-01,5.99044260e-02
938,2.98806464e-03,3.20601500e-01,-6.32576900e-02,-1.88339800e-02
939,2.97614938e-03,2.69481800e-01,-8.56414440e-02,-3.51619400e-02
940,2.00278544e-03,1.24943270e-01,-1.81307090e-01,4.17135360e-04
941,2.56623296e-03,2.33267640e-01,2.06248420e-03,1.29299770e-03
942,1.37626268e-03,-1.18035920e-01,-6.69479150e-02,6.25705900e-03
943,1.66368586e-03,-1.43713820e-01,1.45574450e-01,1.91280770e-02
944,1.34213848e-03,8.95098150e-02,-9.99343250e-02,-5.57164100e-03
945,2.26179227e-03,-8.77479500e-02,1.63785170e-01,-6.25383700e-02
946,3.50676634e-03,-3.45254500e-01,-5.84329370e-02,3.30580000e-02
947,2.03310619e-03,-1.37389940e-01,1.23179300e-01,-2.38049510e-02
948,1.64220592e-03,3.18060550e-02,1.83998450e-01,2.44941620e-02
949,1.81055681e-03,2.12544250e-01,5.80694270e-02,1.24851820e-03
950,1.87589777e-03,1.90542370e-01,-3.45327370e-02,-8.20259200e-03
951,1.30792901e-03,1.45974130e-04,-1.75576400e-01,-1.57527270e-02
952,6.79690682e-04,8.53195800e-03,5.74885420e-02,8.29173700e-03
953,1.65410445e-03,-5.27397400e-02,-6.51807700e-02,3.51821800e-02
954,1.46026907e-03,1.46831050e-01,-9.51355550e-02,7.07426850e-03
955,1.71226447e-03,1.01742020e-01,1.81198300e-01,-1.46890270e-02
956,1.58794924e-03,9.09306200e-02,6.27920850e-02,2.18895020e-02
957,1.76842592e-03,-5.72231200e-02,1.46932150e-01,-3.79476960e-02
958,2.68030618e-03,-1.83290120e-01,-1.78517280e-01,3.38846300e-02
959,1.59087655e-03,9.69057900e-02,8.98676900e-02,1.94843410e-02
960,9.34014950e-04,7.41362940e-02,1.36808350e-01,-3.45991330e-02
961,7.51288297e-04,-1.43918680e-01,4.14990170e-03,5.34631140e-04
962,1.20797733e-03,-2.41032620e-02,1.10155580e-01,-2.12588960e-02
963,1.42807997e-03,1.26699840e-01,5.80666330e-02,7.27833800e-03
964,1.88813779e-03,1.31385730e-01,1.92323360e-01,-2.47042070e-02
965,2.53822214e-03,-1.50236410e-01,6.20095800e-02,-4.55234420e-02
966,2.36840887e-03,-6.56442940e-02,-1.71654940e-01,8.96437300e-02
967,5.69117600e-04,3.89414950e-02,2.76234020e-02,2.11205100e-03
968,2.61383420e-03,-1.97814380e-01,8.02596600e-02,-3.99854440e-02
969,1.10786185e-03,-4.17117070e-02,5.41740900e-02,-1.54103340e-02
970,2.17960918e-03,-2.14305010e-01,-2.33316960e-02,8.76626900e-03
971,1.55196073e-03,1.07696020e-01,-1.45686820e-02,-6.55179750e-03
972,1.50190042e-03,-3.12188730e-02,1.11688520e-01,-3.80968100e-02
973,2.45895262e-03,8.99881350e-02,-1.61401720e-01,-8.41528800e-02
974,1.53968616e-03,-1.76743730e-01,4.83203340e-02,-1.72740140e-03
975,2.89619961e-03,2.60302300e-01,4.56811150e-02,2.57831530e-02
976,1.25888395e-03,-1.43854980e-02,-1.65625290e-01,-2.59292140e-02
977,3.15217547e-03,1.78436590e-01,-2.01463620e-01,-8.76291840e-02
978,2.10962961e-03,-1.48030790e-01,-1.34248320e-01,2.06003400e-02
979,1.48281284e-03,6.42644240e-02,1.43540490e-01,9.78222500e-03
980,3.12816519e-03,-2.27555050e-01,8.21207900e-02,-5.97854960e-02
981,2.72082335e-03,2.17667000e-01,1.35352900e-01,3.40381700e-02
982,3.32841431e-03,-3.29813060e-01,1.87954360e-03,-1.38443400e-03
983,2.65969651e-03,2.14229610e-01,-1.04702674e-01,-3.70554070e-02
984,9.69866932e-04,1.89728830e-03,-9.94018700e-02,-1.78475440e-02
985,2.66654665e-03,2.24966820e-01,-8.11401300e-02,-3.34251200e-02
986,1.62070695e-03,7.96128500e-02,1.81327150e-01,-9.47793600e-03
987,9.55346493e-04,-4.76676300e-02,-1.08739210e-01,-3.60090360e-02
988,3.18118676e-03,-2.14240610e-01,1.46841140e-01,-7.91481200e-02
989,3.31450494e-03,-2.61287780e-01,1.33710220e-01,-6.37487600e-02
990,2.48233369e-03,-2.24794100e-01,-1.14418100e-02,6.59873660e-03
991,1.94094714e-03,2.46178750e-01,3.39436980e-02,2.14046570e-03
992,2.22861895e-03,1.58129830e-01,2.70795170e-02,1.70005540e-02
993,1.94073553e-03,-2.26723450e-01,2.06869170e-02,-3.90571750e-03
994,6.87987791e-04,1.11892970e-02,1.69807260e-02,5.03836000e-03
995,1.70751229e-03,-1.83677140e-01,-1.82552540e-02,4.13009100e-03
996,1.99863079e-03,-1.09324105e-01,-2.00121880e-01,-3.20686940e-03
997,1.31368097e-03,-9.51984200e-02,-1.83261760e-02,6.19603370e-03
998,2.34202788e-03,-1.89188100e-01,1.58122990e-01,-6.46605700e-03
999,2.63040692e-03,1.49582730e-01,-8.70497000e-02,-6.08687920e-02
1000,9.57486376e-04,1.15496170e-01,4.08683050e-02,-1.72197160e-03
