h4_case,Vx,Vy,Mx
0,-4.1435080000e+00,2.1324820000e+00,-6.5369110000e+01
2,-4.0587140000e+00,5.8592380000e-01,5.3941670000e+01
3,-6.6873060000e-01,-6.9988710000e-01,-4.6191180000e+02
4,2.3457720000e+00,-2.4960880000e+00,-2.1750430000e+02
5,-1.0877180000e+00,3.1695790000e+00,-4.0089050000e+01
6,-6.9371980000e-01,4.1367240000e+00,-7.3524980000e+01
7,8.6798570000e-01,2.5193470000e+00,3.9869990000e+02
9,-2.1579880000e+00,-2.9993890000e+00,-1.6424640000e+02
10,1.4854720000e+00,1.3672280000e+00,-2.4973100000e+02
11,1.9621600000e+00,4.6019020000e-01,4.9530220000e+02
16,8.5162940000e-01,1.1496990000e+00,-4.8380330000e+02
17,-2.8690330000e-01,-2.5217870000e+00,-4.3573680000e+02
18,2.7327700000e+00,7.6257770000e-01,2.9343720000e+02
20,-1.2575620000e+00,-4.8092250000e+00,-1.4117250000e+02
21,-4.0914730000e+00,2.0219230000e+00,5.1831720000e+01
22,1.6050010000e+00,8.1041680000e-01,-2.2393130000e+02
23,-2.9280880000e+00,1.9370410000e-02,1.9174880000e+02
24,1.3009020000e+00,-3.5534600000e+00,1.9511160000e+02
25,-2.0183690000e+00,-8.6516980000e-01,-4.3483780000e+02
26,2.4175670000e+00,2.3382050000e+00,7.3674920000e+01
27,2.2216480000e+00,1.0391370000e+00,3.5042410000e+02
28,-2.8128460000e+00,-1.6933890000e+00,2.6296990000e+02
29,3.2988690000e+00,2.6559590000e+00,-1.9506730000e+02
30,1.8279890000e+00,1.5138490000e+00,-2.6336920000e+02
31,-7.1427100000e-01,1.3177830000e+00,-1.2330990000e+02
32,2.5870550000e+00,7.4919930000e-01,-2.3993960000e+01
33,3.7848020000e+00,1.0195760000e+00,-2.8676510000e+01
35,3.4976830000e+00,3.1297300000e+00,-1.6425300000e+02
37,-2.0316080000e-01,-2.7383900000e+00,3.5112610000e+02
38,1.9842630000e+00,1.6875100000e+00,4.3899810000e+02
39,-2.0802140000e+00,-3.5151780000e+00,-1.0327190000e+02
41,-2.2462560000e+00,-2.6099430000e+00,-3.0698150000e+02
42,6.1809720000e-01,-4.7222280000e-01,-1.4714810000e+02
43,-1.0034380000e+00,1.3793420000e+00,-1.1585390000e+02
44,1.1290950000e+00,3.8783440000e+00,-2.0349180000e+02
46,2.4686040000e+00,3.7249090000e+00,-5.1993680000e+01
49,3.5090110000e+00,7.4928030000e-01,4.0324390000e+02
50,-3.3101270000e+00,-5.1564270000e-01,-2.3049440000e+02
51,1.2369270000e+00,-2.1163540000e+00,3.5047740000e+02
53,4.7055880000e+00,-2.1649160000e+00,-9.5772970000e+01
54,2.8703270000e+00,-4.1871860000e-01,-1.2162990000e+02
59,-7.1530210000e-02,-3.4007700000e-01,-3.4631510000e+02
61,2.0814480000e+00,3.4018540000e+00,1.6331510000e+02
63,4.4982680000e-01,3.1291580000e+00,-4.6337110000e+02
64,2.0595900000e+00,-7.7299500000e-01,-4.4339450000e+02
65,-4.4811750000e+00,-1.2297670000e+00,7.1107660000e+01
66,1.7988420000e+00,1.5851840000e+00,4.0064060000e+02
67,-1.3171820000e+00,-7.6443080000e-01,1.7634360000e+02
69,1.6953330000e+00,-3.4086220000e-01,-4.8078050000e+02
70,1.6912750000e+00,-4.1790850000e-01,4.8317880000e+02
71,5.4737430000e-01,-2.3934820000e+00,3.8863050000e+02
72,-3.0185030000e+00,-1.7217140000e+00,2.5651760000e+02
73,-1.9253000000e-01,2.1821130000e-01,-1.2443960000e+02
74,3.6244930000e-01,-5.5171440000e-01,-1.9297090000e+02
75,2.7749930000e-01,-3.7492190000e+00,3.6755500000e+02
77,2.4125750000e+00,4.5677320000e+00,1.0623020000e+02
78,-1.1130280000e+00,4.3250400000e-01,3.7929390000e+02
79,-1.1952680000e+00,2.2843980000e+00,7.1237930000e+01
81,-1.0702960000e+00,-9.3986020000e-02,2.3932580000e+01
83,4.6747410000e-01,7.5103590000e-01,3.5680760000e+02
84,4.2142750000e+00,-7.0469560000e-01,-2.7124150000e+02
85,6.2922060000e-01,2.1577060000e+00,2.6749960000e+02
86,2.4391020000e+00,-4.1705520000e+00,4.1969240000e+01
87,3.4211540000e+00,-3.2305460000e+00,7.6782850000e+01
88,2.4400630000e+00,7.6386120000e-02,4.7442870000e+02
90,3.2013900000e+00,-3.2243610000e+00,1.6496820000e+02
91,-2.4624480000e+00,4.0074770000e+00,-8.4463680000e+01
92,-1.8036950000e-01,-1.4959620000e+00,-3.4089100000e+00
93,-1.5728320000e+00,-3.0141200000e+00,1.8534290000e+02
94,-2.3826670000e+00,-2.4615490000e+00,-3.0195100000e+02
95,7.1551580000e-01,2.6735470000e+00,-4.5344050000e+02
96,1.1865650000e+00,-7.2126510000e-01,-1.0914130000e+02
97,8.2416530000e-01,-2.0934360000e+00,1.5046830000e+02
98,-3.9560100000e+00,3.2144130000e-01,-1.6633730000e+01
99,-5.7582350000e-01,-1.0570690000e+00,2.9338930000e+02
100,-1.1014510000e+00,-4.0727880000e+00,-2.3125990000e+02
101,-3.3104180000e+00,6.3577190000e-01,2.1384090000e+02
103,1.6534670000e+00,1.0223990000e+00,-5.7096790000e+01
104,-1.6714330000e+00,4.1389740000e+00,1.9676250000e+02
105,-3.0278120000e+00,-7.9879470000e-01,-1.3900080000e+02
108,-3.5293570000e+00,-1.7159070000e+00,1.7269110000e+02
109,-2.2010580000e+00,-2.3530080000e+00,-1.0111460000e+02
110,-1.6027560000e+00,-2.2694170000e-01,-3.9290910000e+02
111,-2.7488400000e+00,-9.4565690000e-01,-2.3791770000e+02
113,-8.4835390000e-01,3.9439130000e+00,2.5283700000e+02
114,1.6815740000e+00,-2.4831010000e+00,1.3315500000e+02
115,4.9980300000e+00,-1.5496820000e+00,1.1145280000e+02
116,-3.5636310000e+00,9.6330330000e-01,2.7473900000e+02
117,3.8120050000e+00,-4.0100140000e+00,-3.2939310000e+01
118,-4.4697030000e+00,-2.4772370000e+00,-5.4853110000e+01
119,8.8293160000e-01,-4.0359200000e+00,-8.6595080000e+00
120,2.6783030000e+00,-3.9757460000e+00,1.4633160000e+01
121,3.8288190000e-01,-6.4772220000e-01,4.6205010000e+01
123,-8.4298080000e-01,-2.0949400000e+00,-3.9369820000e+02
124,3.4730400000e+00,-1.1526990000e+00,2.5639700000e+02
126,-9.4692160000e-01,1.3678180000e-01,-1.0850720000e+02
127,-2.3484480000e+00,-3.8165910000e+00,-6.5274900000e+01
128,2.0388910000e+00,-4.8653350000e+00,1.0389020000e+02
130,-1.2811910000e+00,1.6572570000e+00,-4.7849100000e+02
131,2.6531030000e+00,-3.4327790000e-01,3.5408960000e+02
132,1.6300530000e-01,8.1107060000e-01,-4.4287940000e+01
133,-3.4002830000e+00,-4.4117680000e-01,-2.3624780000e+02
134,6.4917850000e-01,2.7687240000e+00,3.1052640000e+01
136,1.8615100000e+00,-1.9687820000e+00,-2.7864940000e+02
137,6.0978640000e-01,-3.5745350000e+00,-1.2618310000e+02
138,1.6374300000e+00,3.9869880000e+00,1.6345850000e+02
140,4.7228560000e-01,-4.3783300000e+00,1.5720660000e+02
141,6.2468470000e-01,-3.3704160000e+00,7.1244490000e+01
142,1.6637690000e+00,-6.6024360000e-01,2.0703510000e+02
143,-1.7608780000e+00,-2.4918090000e+00,-4.0236580000e+02
144,1.6943520000e+00,1.7599750000e+00,-1.2433510000e+02
145,1.1500830000e+00,3.8982020000e+00,1.4868530000e+02
146,-4.7299140000e+00,2.6011690000e+00,-7.5359810000e+01
147,3.6921570000e-01,1.6306970000e+00,4.3926710000e+01
148,1.4001900000e+00,-3.8150870000e+00,2.5176450000e+02
149,1.4347250000e+00,1.9839220000e+00,-4.0047900000e+02
150,-1.0905120000e+00,-2.1773180000e+00,1.6628740000e+02
151,2.1890690000e+00,-1.2041820000e+00,-1.7210160000e+02
152,-3.6432240000e+00,-4.8140300000e-01,2.2505890000e+01
155,-9.8874600000e-01,3.4302100000e+00,3.7656130000e+02
156,-2.2963920000e+00,-3.9315220000e+00,-1.8139110000e+02
159,-3.3850640000e+00,-6.1765200000e-01,2.6064270000e+02
160,-1.2836110000e-01,9.7731630000e-01,-4.3362450000e+02
162,2.2077220000e+00,2.2114040000e+00,3.3620720000e+02
163,3.1089640000e+00,2.4330340000e+00,-5.5832490000e+01
164,-6.5820400000e-01,-4.4425070000e+00,2.7306130000e+02
165,-6.4200960000e-01,2.8334340000e+00,-1.1269920000e+02
166,6.2360860000e-01,1.9830250000e+00,-2.2926550000e+02
167,-2.1986450000e+00,-1.6022390000e+00,6.6338790000e+01
168,-2.8786450000e+00,-1.4669930000e+00,-3.2356700000e+01
169,4.2717230000e-01,5.3279150000e-01,1.6249810000e+02
171,1.1611630000e+00,8.1301570000e-01,3.8596150000e+02
172,4.0190660000e+00,-1.0290410000e+00,-2.8610490000e+02
173,3.8263670000e+00,1.9514470000e+00,-7.3638100000e+01
175,-8.5258780000e-01,-4.7589300000e+00,-1.4613180000e+02
176,2.1315520000e+00,-4.1472860000e-01,2.2295260000e+02
177,2.3810260000e+00,3.0667750000e+00,-2.8018660000e+02
178,-4.8822170000e-01,1.8408570000e+00,-8.6466540000e+01
179,1.3861860000e+00,-1.1676020000e+00,-3.8623200000e+02
180,1.6891890000e+00,-1.5861070000e+00,2.9567890000e+02
181,-1.4687720000e+00,-4.6747660000e+00,-1.6035360000e+02
182,1.5207360000e+00,3.8281500000e-03,-3.3408020000e+02
183,7.7422460000e-01,3.2048530000e+00,-2.0185630000e+02
184,1.9738600000e+00,3.2488180000e+00,8.4245750000e+01
185,-1.6356890000e+00,-5.2090150000e-02,-2.0132080000e+02
186,-6.5597780000e-01,-2.5384720000e+00,-2.0742820000e+02
187,4.2246130000e+00,-2.1819270000e+00,-1.5327250000e+02
188,-3.1244470000e+00,-3.2737870000e+00,-3.0901380000e+01
189,-3.5169720000e+00,-1.7054550000e+00,-1.3967580000e+02
191,3.5214640000e+00,-4.6233840000e-01,-1.5607890000e+02
193,-2.3390200000e+00,3.5460220000e+00,-1.3973970000e+02
194,-3.0162780000e+00,5.6979040000e-01,4.7444540000e+02
195,1.0019250000e+00,2.8435360000e+00,-7.6173630000e+01
196,-2.9029570000e+00,-9.4437620000e-01,-9.3469130000e+00
197,-3.6048480000e-01,-3.6534110000e+00,-2.6968730000e+02
198,3.0786680000e+00,2.1583050000e+00,-3.0346430000e+02
200,1.0960410000e+00,-7.8837650000e-01,-4.9360040000e+02
201,6.1030750000e-01,1.8678100000e+00,-2.2471950000e+01
202,4.0889840000e+00,8.5855160000e-01,-4.2706830000e+01
203,1.6335590000e+00,5.0600930000e-01,-1.7631550000e+02
204,-1.7322840000e+00,9.5386880000e-01,-4.3798320000e+02
206,4.5916600000e+00,1.9298720000e+00,-1.0802480000e+02
207,2.0240690000e-01,-7.7358560000e-02,-4.7458860000e+02
208,-1.1647960000e+00,-3.4474060000e+00,1.5487620000e+02
209,9.8869660000e-02,-2.1536950000e-01,3.2063390000e+02
210,2.4674350000e+00,1.5410400000e+00,2.2599810000e+02
212,-2.8746980000e+00,3.9982900000e-01,-3.3827900000e+02
214,2.7752240000e+00,3.1939370000e+00,3.8135370000e+01
215,1.3659760000e+00,9.2892820000e-01,-4.4293910000e+02
216,4.5642220000e-01,-1.7674580000e+00,-1.2589360000e+02
217,-2.7067240000e+00,6.3377840000e-01,-9.6455480000e+01
220,1.9091220000e+00,3.5083750000e+00,1.8168440000e+02
221,3.8065420000e+00,4.2565920000e-01,1.6009560000e+02
222,-2.6859180000e+00,-4.8329840000e+00,-2.0248380000e+01
224,-1.0075320000e+00,2.6098030000e+00,1.2714060000e+02
225,-1.7004130000e+00,-1.3530570000e+00,2.0429240000e+02
226,-3.8410670000e-01,-3.0254670000e+00,3.3699210000e+02
227,-7.2584170000e-01,-2.4151060000e+00,2.1798910000e+02
228,-3.8067400000e+00,-2.0298440000e-01,-6.4977680000e+01
231,-1.6699930000e+00,4.4687020000e+00,2.4595910000e+01
232,2.2708640000e+00,-4.3551310000e-01,4.0441020000e+02
233,-4.9690660000e+00,-4.9946760000e-01,-5.6017930000e+01
234,-5.2724120000e-01,-4.4113280000e+00,-1.3292020000e+02
235,1.7776290000e+00,-2.2418880000e+00,-1.3832410000e+02
236,1.2832500000e+00,3.1113020000e+00,3.1788850000e+02
237,3.0636900000e+00,3.4381460000e+00,-1.4763840000e+02
238,-3.4657650000e+00,-5.1541490000e-01,-2.9120420000e+02
239,-9.8799500000e-01,-2.1985240000e+00,1.8693760000e+02
240,-4.7127070000e+00,-1.7723200000e+00,1.1443850000e+02
241,-2.5392130000e+00,-8.6887240000e-02,-1.9435010000e+02
242,1.5091940000e+00,1.9603550000e-01,4.0562900000e+02
243,-2.5554580000e+00,-1.7605420000e+00,-3.9339220000e+02
244,-1.9608270000e+00,1.8626800000e+00,1.8006270000e+02
246,2.3060640000e+00,-4.1980800000e-01,-4.1683370000e+01
247,9.2437480000e-01,-1.9175550000e+00,-2.8065790000e+02
248,4.0396360000e+00,-1.9972720000e+00,2.3116650000e+01
249,2.0097740000e+00,2.5930860000e+00,-5.3489500000e+01
250,-2.0554430000e+00,-2.8288110000e+00,-1.5069440000e+02
251,-1.7576520000e+00,4.6428970000e-02,-4.8354200000e+02
252,-3.7675510000e+00,-1.3689660000e+00,-2.3755220000e+02
253,1.0462000000e+00,-2.7062680000e+00,-1.8225820000e+02
254,2.3099640000e+00,-1.5206630000e+00,1.5809960000e+02
255,-2.0410250000e+00,2.0962050000e+00,-8.2121930000e+01
256,-1.5576990000e+00,-2.0458310000e+00,-2.7902950000e+02
257,3.0289310000e+00,2.3224770000e+00,2.3961860000e+02
258,-4.1528460000e+00,-1.3790220000e+00,2.2250320000e+02
259,-4.2873120000e+00,3.7035380000e-01,2.4335100000e+02
260,-7.4987990000e-01,-1.2510600000e+00,4.8061970000e+02
261,1.3356570000e+00,1.0959080000e+00,9.7297080000e+01
262,2.6039210000e+00,-2.9465860000e+00,2.2834170000e+02
264,-8.3346950000e-01,4.4876180000e+00,-1.4378370000e+02
265,-3.0436510000e-01,7.0410470000e-01,-2.1050560000e+02
266,-2.2769990000e+00,-3.2834950000e+00,1.0084600000e+02
267,8.7484660000e-01,-2.1215810000e+00,-4.6220780000e+02
268,-2.9485200000e+00,4.2525070000e-01,6.4534660000e+01
269,3.4607320000e-01,3.0124660000e+00,1.9667340000e+02
271,-3.2080720000e+00,-4.4391120000e-01,2.9645080000e+02
273,-2.8713840000e+00,5.7041610000e-01,4.6450190000e+01
274,2.2023860000e+00,-1.2529820000e+00,-1.6898410000e+02
275,-1.9801180000e+00,5.2361110000e-01,3.1853300000e+02
276,2.9329850000e+00,1.5641610000e+00,9.5638640000e+00
280,3.0384010000e-01,-2.7977690000e+00,2.9688010000e+02
281,2.5267990000e-01,1.8557210000e+00,-1.1569460000e+02
283,9.5553780000e-01,3.7012110000e+00,2.1511130000e+02
284,1.2824210000e+00,-3.9778190000e+00,-2.8665760000e+02
285,-1.2887300000e+00,-3.0083810000e+00,3.9434870000e+02
286,-2.3337120000e+00,-4.2693090000e-01,-3.7534610000e+02
288,-3.5217210000e+00,-3.1873540000e+00,3.7778790000e+01
290,2.1407530000e+00,6.0609980000e-01,1.9006750000e+02
291,-1.0207870000e+00,-2.8111410000e+00,-1.4885780000e+02
292,-1.5873120000e+00,-1.5929150000e+00,3.9838480000e+01
293,3.9380120000e+00,1.0352570000e+00,-4.1887990000e+01
294,-3.4465570000e+00,-2.3432700000e+00,-7.6125520000e+01
295,7.4112610000e-01,-1.8540450000e+00,8.0569320000e+01
297,9.1434340000e-01,-3.9792390000e+00,2.3526710000e+02
298,1.7818310000e+00,-1.4462740000e+00,1.0774070000e+02
299,3.1462470000e+00,1.2004830000e+00,2.2650450000e+02
300,-2.5783170000e+00,-2.9302230000e-01,-2.6065750000e+02
301,1.4511120000e+00,-2.6314730000e+00,-3.2443850000e+02
302,-4.3519340000e+00,-1.9655230000e+00,-7.2727150000e+01
305,-1.2913020000e+00,-4.1338640000e+00,-2.8230860000e+02
306,-7.1795520000e-02,5.5951530000e-01,-4.4682220000e+02
307,-4.9100280000e-01,-4.7392160000e+00,-4.7382570000e+01
308,-2.9292890000e+00,-1.9387400000e+00,-1.3035570000e+02
309,-3.1816920000e+00,-7.7096650000e-01,-4.9702520000e+01
310,3.5829040000e+00,-6.7508230000e-01,-4.2483270000e+01
311,-7.9463560000e-01,-1.9872740000e+00,1.4798730000e+02
312,-2.3559870000e+00,-3.3787680000e+00,-2.5782550000e+02
313,2.0236580000e+00,-2.7725550000e+00,3.4636980000e+02
315,-1.0418720000e+00,4.5786960000e+00,-2.6968890000e+02
316,7.3325670000e-01,1.6502560000e+00,3.6242220000e+02
317,9.3590600000e-01,1.2891730000e+00,3.0964140000e+02
318,7.7448370000e-01,-4.1014330000e+00,1.5695890000e+02
321,-4.5965230000e+00,-3.7691640000e-01,-2.4303680000e+02
322,-1.2531520000e+00,-3.1090040000e+00,3.6997480000e+02
323,1.7949370000e+00,-4.5650090000e+00,4.6117560000e+01
324,6.7334170000e-01,-2.2880730000e+00,2.2352600000e+02
325,-4.1369740000e+00,1.1427380000e+00,-2.1531510000e+02
327,1.1243970000e+00,-3.1041230000e+00,3.2339230000e+02
328,-1.9736660000e+00,-2.3176710000e+00,-8.7693950000e+01
330,-3.6785140000e+00,-1.0232360000e+00,-3.0559440000e+02
331,2.1012160000e+00,-6.2773790000e-01,4.0903820000e+02
332,8.9258140000e-01,-4.4611560000e+00,-1.7284150000e+01
334,-2.2519910000e+00,2.0027790000e+00,-3.7457590000e+02
335,2.0620730000e+00,-2.5197570000e+00,3.4469920000e+02
336,5.3145100000e-01,-2.6670130000e+00,-4.0749300000e+02
337,4.0967630000e+00,2.6526640000e+00,-8.6039510000e+00
338,2.0060290000e+00,2.6720870000e+00,3.6063570000e+00
339,-2.1902540000e+00,-1.4599090000e+00,-8.3811890000e+01
340,1.4858330000e+00,7.2900900000e-01,4.6139390000e+02
341,-3.8060440000e+00,-2.8226180000e+00,-5.6124720000e+01
344,3.6597150000e+00,2.9176610000e+00,9.8766180000e+01
345,-1.2443740000e+00,1.6509080000e+00,-5.3046980000e+01
346,-1.3055750000e+00,1.0060410000e+00,-1.0694380000e+02
347,2.5195040000e-01,1.6908190000e+00,-1.7691000000e+02
348,-3.3756300000e+00,-3.6856200000e+00,7.8173690000e+01
349,-4.3972080000e+00,2.6059750000e+00,3.5763850000e+01
351,1.6902770000e+00,4.7939760000e+00,4.4858520000e+01
354,-1.1009650000e+00,3.8218540000e-01,-2.0519620000e+02
355,-1.1051320000e+00,-2.3747410000e+00,-2.8044850000e+02
356,-1.0035330000e+00,2.4704930000e+00,-5.9704780000e+00
357,2.0580950000e+00,-1.4489190000e+00,-4.3145050000e+02
358,2.8772020000e+00,-1.0565550000e+00,-3.7937390000e+02
359,-3.8426800000e+00,6.9640650000e-01,2.8197350000e+02
360,-1.7523250000e+00,-2.0457110000e+00,-2.0770540000e+02
362,-2.6509970000e+00,1.0976030000e+00,-8.4076420000e+00
363,4.8033460000e+00,-6.1706620000e-01,-1.0975930000e+01
364,3.7243880000e+00,-4.3985260000e+00,-1.5363330000e+01
365,-1.5050420000e+00,1.1930360000e+00,-5.5295970000e+01
366,2.8236370000e+00,1.2670640000e-02,3.3633710000e+02
367,3.6432860000e+00,-3.8796350000e+00,-1.5382780000e+00
368,-3.5407220000e+00,3.9482090000e+00,-6.0301730000e+01
369,1.7168210000e-01,1.4367600000e+00,4.1622610000e+02
370,-3.5278430000e+00,1.2989150000e+00,-5.5379420000e+01
372,3.0651050000e-01,-3.8139080000e+00,3.7562720000e+02
373,-2.4721810000e+00,-1.1491410000e+00,9.0536110000e+01
375,-1.3460660000e+00,-2.1825500000e+00,-2.5022430000e+01
377,1.2924540000e+00,-1.1836730000e+00,3.4852040000e+02
379,4.9910190000e+00,3.9866590000e-01,1.0491660000e+02
382,4.2875060000e+00,4.7729180000e-01,2.6833410000e+02
383,3.9709160000e+00,-1.9871790000e+00,1.0969420000e+02
385,1.4377250000e+00,4.3638080000e+00,-4.6970240000e+01
386,-4.3495050000e+00,2.3299340000e+00,7.0263060000e+01
387,-1.9319660000e+00,-1.1065060000e+00,-4.4281790000e+02
389,1.3977900000e+00,-2.6094860000e+00,2.9380950000e+02
390,-2.5231080000e-01,2.2768200000e+00,7.3163330000e+01
392,3.2181760000e+00,-4.6446110000e+00,3.1156050000e+01
393,-6.9829790000e-01,3.0890520000e+00,-3.1208480000e+02
394,1.4603710000e+00,-4.6515230000e+00,1.9121340000e+02
396,-6.0809440000e-01,-4.4246160000e+00,9.7220820000e+01
397,1.4707940000e+00,-3.4050000000e+00,-1.6422980000e+02
398,-1.9263010000e+00,-4.7569070000e-01,-2.9291450000e+02
399,-2.8328430000e+00,-3.2593240000e+00,9.7077880000e+01
400,3.0451470000e+00,-1.3560340000e+00,-8.1225110000e+01
401,3.3399270000e+00,7.8980760000e-01,1.4494780000e+02
402,2.0650840000e+00,2.3747380000e+00,-2.5186270000e+02
403,1.0461240000e+00,-1.1370390000e-02,-2.2790350000e+02
404,-4.4207020000e+00,6.6244670000e-01,3.6268280000e+01
405,-2.6468740000e-01,-2.9689170000e-01,3.2573250000e+02
406,1.8656450000e+00,1.2535170000e+00,2.3736420000e+02
407,2.4575280000e+00,2.2262030000e-01,-4.1600840000e+02
408,4.5839340000e+00,-1.0118400000e+00,-1.5939420000e+01
409,2.1064680000e+00,1.0521840000e+00,-2.5478490000e+02
410,3.0630370000e-01,2.3053980000e+00,-2.6546220000e+01
411,1.5329130000e+00,-3.9645250000e+00,1.0647100000e+01
412,-2.2046560000e+00,1.5803920000e+00,-2.1074890000e+02
413,-2.1452340000e+00,-8.6341840000e-01,3.0736960000e+02
415,-8.3898400000e-01,-2.8394020000e+00,3.0369910000e+02
418,-1.6734330000e+00,3.2336090000e+00,-2.4484420000e+02
420,2.2705620000e+00,-3.1883060000e+00,-2.6350590000e+02
421,-7.2269360000e-01,2.3381070000e+00,7.3045880000e+01
422,-3.0061540000e+00,-2.3330870000e+00,-2.2261190000e+02
423,-3.7845090000e+00,9.4359450000e-02,2.4266830000e+02
424,1.5338130000e+00,4.1362080000e+00,1.7285080000e+02
425,3.2612020000e+00,-1.5494320000e+00,-2.5823560000e+02
426,-3.7538440000e-01,1.9378920000e+00,3.2743350000e+02
428,3.1129510000e+00,-3.0366280000e+00,5.6703700000e+01
430,-1.6807900000e+00,2.0215190000e+00,-4.3694500000e+02
431,-3.3006300000e-01,1.0743220000e+00,2.4521390000e+02
432,-3.3972200000e+00,-1.0802100000e+00,-2.4900450000e+02
433,8.4561450000e-01,1.3575760000e+00,2.7599790000e+01
434,-3.0487480000e-01,3.2409340000e+00,3.1262620000e+02
435,-2.2295070000e-01,-5.2332460000e-01,1.2882440000e+02
436,-3.1872140000e+00,-4.9527170000e-01,-1.4275960000e+02
437,-7.8243870000e-01,-2.2418590000e+00,-3.0639710000e+01
438,-7.1734760000e-01,3.2826960000e-01,-1.1831620000e+02
439,4.1101310000e-01,-2.8448270000e+00,4.9997130000e+02
440,-3.7534520000e+00,-5.3365340000e-01,3.8322370000e+02
441,-8.9793090000e-01,-1.3837720000e+00,-2.7830350000e+01
442,1.6686050000e+00,2.9072840000e+00,9.5885430000e+01
443,-1.9717260000e+00,2.9977210000e+00,-1.9498350000e+01
444,2.1343320000e+00,3.7767180000e+00,4.6761440000e+01
445,2.8877110000e+00,2.3758140000e+00,2.8289760000e+02
448,9.2301320000e-01,-2.4272990000e-01,1.0668830000e+02
449,6.8068330000e-01,-4.8120090000e+00,2.8170090000e+02
450,-2.1288890000e+00,-3.9150280000e-01,-2.4076770000e+02
451,-3.3920100000e+00,-6.5757500000e-02,8.5078970000e+01
452,2.4599530000e+00,1.3328300000e+00,2.5405260000e+02
453,1.8348060000e+00,-4.6856500000e+00,-1.1525300000e+02
454,-1.9511270000e+00,1.5158490000e+00,1.7012750000e+01
455,3.7616630000e+00,2.2322800000e+00,-1.3432820000e+02
457,-1.2664230000e+00,8.6501020000e-02,2.0224530000e+02
458,1.6845170000e+00,1.5166380000e-01,1.1388690000e+02
460,9.7368500000e-01,-3.0455450000e+00,-1.0371270000e+02
461,3.1804210000e+00,1.2312130000e+00,2.3582350000e+02
462,-1.7757320000e+00,4.4584310000e+00,-1.1970000000e+01
463,-3.5070760000e+00,2.8685750000e+00,4.9182970000e+01
464,3.2863430000e+00,1.7600700000e+00,-2.0340810000e+02
466,3.6030200000e+00,2.3781680000e+00,1.9665050000e+02
467,-1.7062240000e+00,-2.3188350000e+00,2.8851330000e+02
468,-3.4876450000e+00,1.6523670000e+00,1.7514320000e+02
469,-6.3576230000e-01,-2.7594810000e+00,-8.1218170000e+01
473,4.2245810000e+00,-5.0253540000e-01,2.3471500000e+02
474,-5.0739330000e-01,2.8936360000e+00,-1.0728300000e+02
475,2.3799710000e+00,1.3150060000e+00,3.4162590000e+02
476,4.4539660000e+00,1.9804470000e+00,-9.0723030000e+01
477,-2.4470580000e+00,4.5473540000e-01,-3.5792310000e+02
478,7.6114320000e-02,2.4167100000e-01,-2.5073280000e+02
479,-1.9468470000e+00,-1.4502450000e-01,-1.0618260000e+02
480,-4.1086100000e+00,2.9468310000e+00,-4.8766190000e+01
481,3.3060860000e+00,-1.4940790000e+00,3.1418670000e+02
483,-8.5298410000e-01,-1.8166270000e+00,4.9070650000e+02
484,-1.8049060000e+00,-1.8203720000e+00,-1.6596370000e+02
485,-3.8345410000e+00,1.7443130000e+00,-1.1730240000e+02
486,3.3573850000e+00,-3.6135350000e-01,-4.0482220000e+02
488,1.4915530000e+00,-9.3476800000e-01,1.3874510000e+02
489,2.3810720000e-01,-7.1454600000e-01,-4.0731220000e+02
490,-4.2590940000e+00,-3.4061740000e+00,-2.9143830000e+01
491,-1.3001860000e+00,4.8873500000e-01,4.0892990000e+02
493,1.0345810000e+00,1.0228930000e+00,2.4879570000e+02
494,3.2502810000e-01,3.6622810000e+00,-2.2415070000e+02
495,1.8060920000e+00,-4.5414050000e+00,-1.1509420000e+02
496,1.3694520000e+00,-1.6486900000e+00,-1.3436870000e+01
497,5.9503420000e-02,-3.3327480000e-01,4.5609910000e+01
498,-4.2538550000e+00,5.8590670000e-01,-2.9536550000e+02
499,1.4409230000e+00,5.6645170000e-01,3.3761220000e+02
500,-2.8811350000e+00,2.6376820000e+00,-1.2090870000e+02
501,-8.4609830000e-01,6.6858370000e-01,-1.6226640000e+02
502,9.9731220000e-01,-1.4291310000e+00,-4.8152070000e+02
503,-2.5570470000e+00,-1.0343570000e+00,-3.6554360000e+02
504,-2.3269530000e+00,-3.8181750000e+00,-2.1265940000e+02
505,1.6250570000e+00,2.0355080000e+00,2.7562130000e+01
506,-3.6806350000e+00,-2.1303720000e+00,2.3112550000e+01
507,-2.2926200000e+00,1.1129970000e+00,-2.0325130000e+02
508,1.1214640000e+00,-2.3189620000e+00,4.8792650000e+02
509,-2.0388660000e+00,-4.2560600000e+00,4.2945440000e+01
510,-2.3376640000e+00,1.7088760000e+00,-1.4628030000e+02
511,1.4435520000e+00,2.6240820000e+00,-3.1039260000e+02
512,1.3603650000e+00,1.7415870000e+00,1.5678580000e+02
514,2.2291320000e+00,-4.2804020000e+00,7.9020540000e+00
516,8.4295090000e-01,3.8827290000e+00,-3.1395710000e+02
518,-1.7359650000e+00,1.1539040000e+00,-2.7775970000e+02
519,2.4052470000e+00,2.1054830000e+00,2.1083480000e+02
520,-1.5729950000e+00,1.8423520000e-01,-2.8060500000e+02
521,1.5795510000e+00,-4.3883650000e+00,-4.5105950000e+01
522,-3.8243730000e+00,7.5976770000e-01,-1.1713930000e+02
523,1.4662470000e+00,-3.0185750000e-01,-4.3168840000e+02
524,-1.1484690000e+00,-2.0501990000e+00,1.2748070000e+02
525,-4.2866750000e+00,7.2915860000e-01,1.2930290000e+02
526,-1.3942700000e+00,-4.6191130000e+00,-1.1150090000e+01
527,2.6745010000e+00,-1.1615810000e+00,3.4175670000e+02
528,-1.0777080000e+00,-2.9611530000e+00,-5.2903990000e+01
529,-3.7530800000e-01,1.9853210000e-02,-4.3467150000e+02
530,-1.6561480000e+00,-3.2352300000e+00,-1.6053790000e+02
531,-4.0246630000e+00,-6.8915250000e-01,2.0164970000e+02
532,-1.7986270000e+00,-3.6526100000e-01,-4.1299620000e+02
533,-1.9025490000e+00,7.2101150000e-01,2.9294020000e+02
534,1.6848440000e+00,1.1939240000e+00,-2.3429170000e+02
536,2.9696310000e+00,1.2798560000e+00,1.5141250000e+02
537,-4.4471440000e+00,6.3179480000e-01,-2.3820560000e+02
538,-2.2011160000e+00,2.0675250000e-01,1.3089690000e+02
539,2.7856160000e+00,-1.7507620000e-01,3.1430460000e+02
541,3.7220270000e+00,-1.4023220000e+00,2.3442250000e+02
543,-2.6156340000e+00,-2.1009920000e+00,1.3940650000e+02
544,2.1093720000e+00,4.5269310000e-02,-3.4930170000e+02
545,3.6536350000e+00,-2.8892980000e+00,4.9152970000e+01
546,-8.5466520000e-01,-4.0927820000e+00,-2.9281160000e+02
547,2.4049110000e+00,-4.2957200000e+00,-5.0684280000e+01
548,2.9505170000e+00,4.0283880000e+00,-1.2404610000e+02
549,-4.7340510000e+00,2.9290250000e+00,4.1323700000e+01
551,-3.9501500000e+00,1.3439730000e+00,1.1905070000e+02
552,-3.4510060000e+00,6.6517080000e-01,2.2692770000e+02
553,-4.3646870000e-01,-3.8131490000e-01,-1.1343450000e+01
554,-2.4655210000e+00,1.8934310000e+00,-1.7095640000e+02
555,1.4802710000e+00,-6.9675310000e-01,-3.0377090000e+02
556,1.2298990000e+00,-2.6149770000e+00,4.4435940000e+02
557,2.6163230000e+00,-4.1244280000e-01,2.7820560000e+02
559,-1.0062660000e+00,7.4282410000e-01,3.1512370000e+02
560,-2.1399780000e+00,2.5444490000e+00,-8.8744450000e+01
561,7.7618150000e-01,2.3876710000e+00,-2.8243810000e+02
562,1.5132670000e+00,-1.2277790000e+00,-4.9291940000e+01
563,-6.1525390000e-01,-1.1468510000e+00,6.3920950000e+01
564,1.3760520000e+00,4.2083870000e+00,1.7679960000e+02
568,-3.4117840000e+00,-1.7389980000e+00,2.4075240000e+02
569,2.9908200000e-01,-3.6101600000e+00,-3.9885230000e+02
570,1.5930560000e+00,-3.4033280000e+00,2.3898120000e+02
571,-1.5887530000e+00,-2.3503090000e+00,1.5912240000e+01
572,3.3453920000e+00,-2.4469630000e+00,-2.0388610000e+02
574,2.0734960000e+00,-1.3327620000e+00,1.4296690000e+02
575,6.3169430000e-01,2.5000960000e+00,-3.6630180000e+02
578,1.4214600000e-01,2.3740090000e-02,-2.2425070000e+01
579,-1.5426410000e+00,-2.0732980000e+00,8.3462380000e+01
580,-7.5342720000e-01,-2.4529770000e+00,-5.4334090000e+01
581,-2.5518160000e-01,-2.3680060000e+00,-2.2436020000e+02
582,1.3979060000e+00,-7.7508880000e-01,-2.9359940000e+01
584,-5.7654290000e-01,3.4120960000e+00,3.8990490000e+02
585,6.5965740000e-01,2.1554450000e+00,-2.3127820000e+01
586,7.1575100000e-01,-2.5070840000e+00,4.9251030000e+02
587,1.0355090000e+00,2.6945830000e+00,1.1541860000e+02
589,-1.7146260000e+00,2.8898340000e+00,2.2856270000e+02
590,2.3809660000e+00,-2.0865650000e+00,1.9500520000e+02
591,-8.2786970000e-01,1.0928520000e+00,2.6836340000e+02
592,4.3576480000e-01,3.4419440000e+00,-1.9823030000e+02
593,6.9310560000e-01,-1.0030190000e+00,-3.2396570000e+02
594,1.7654770000e+00,-2.4119360000e+00,8.3124260000e+01
595,4.8290610000e+00,-9.8724570000e-01,-1.7026160000e+02
596,-4.1123770000e+00,1.7058930000e+00,-2.2244480000e+02
597,-2.9369230000e+00,3.2389580000e-01,8.9196510000e+01
598,3.8186850000e+00,-2.0267210000e+00,-9.6126480000e+01
599,-2.5865050000e-01,1.9688550000e-02,1.0345860000e+02
600,-2.5310620000e+00,-5.7412200000e-01,-5.1172160000e+01
601,-2.0789120000e+00,-1.7883330000e+00,-1.4748450000e+02
602,-7.8102770000e-01,-1.2265870000e+00,-9.0859720000e+01
603,-1.9254680000e+00,7.0825830000e-01,1.2975390000e+02
604,-2.9289440000e-01,-1.8757330000e+00,-4.3472060000e+02
605,-8.6827080000e-01,-2.7598690000e+00,-4.6650290000e+01
606,3.7410920000e+00,-1.7203210000e+00,1.0775460000e+02
607,4.6910760000e+00,2.1514130000e-01,2.4200910000e+02
608,6.2510680000e-01,-4.4847360000e+00,2.8451620000e+02
609,-2.4462960000e+00,-1.4638590000e+00,-1.9368460000e+02
611,1.9202050000e+00,1.6604890000e+00,1.2509770000e+02
612,-1.9909930000e+00,5.3615400000e-01,2.6811650000e+02
613,-1.3057970000e+00,-7.8833640000e-01,2.7075300000e+02
614,-7.7193630000e-01,-1.0610030000e+00,-3.9243260000e+01
615,-1.1944230000e+00,-4.5810560000e+00,-6.8064060000e+01
616,1.7234440000e+00,2.2351760000e+00,-2.2329680000e+02
618,3.4924570000e+00,-4.8128660000e-01,1.5970020000e+01
622,-5.2693150000e-01,4.1729300000e+00,3.5230810000e+01
623,2.5731060000e+00,9.6331230000e-01,2.0409300000e+02
624,5.4029560000e-01,-3.2666130000e+00,3.2129510000e+02
625,-4.4122870000e+00,-1.4226860000e+00,2.3787650000e+01
626,2.6386780000e+00,-6.9149870000e-01,1.5102480000e+02
627,-8.9653380000e-01,2.0689330000e+00,-1.0427280000e+02
629,-1.3886190000e+00,-4.1980160000e+00,-1.8249060000e+02
630,-4.8446970000e+00,1.5075040000e+00,1.1410050000e+02
632,-1.6100300000e+00,1.7246280000e-01,3.6582790000e+02
634,-4.0449700000e-01,2.5364090000e+00,-2.5559720000e+02
635,3.8732760000e+00,4.4647860000e-01,2.4145880000e+02
636,-3.1281730000e+00,-4.7344800000e-01,1.2271750000e+02
637,4.9709290000e+00,1.2494450000e+00,2.0923850000e+02
638,-1.0745640000e+00,2.1179810000e+00,-2.0107250000e+02
640,-1.6528320000e+00,2.4262420000e+00,-1.4991660000e+02
641,-4.1943630000e+00,-1.3573080000e+00,-1.1988740000e+02
642,-3.4155170000e+00,-2.4516830000e+00,-3.0042710000e+01
644,-2.8251430000e+00,2.7741110000e+00,-2.7236500000e+02
645,-1.8253150000e+00,1.5002480000e+00,2.3217510000e+02
647,3.5522540000e+00,-1.3827210000e+00,2.5351820000e+02
648,6.6604670000e-01,2.1300470000e-01,-3.9500840000e+02
649,3.0335570000e+00,-1.4743650000e+00,2.0780240000e+02
650,-3.4495500000e+00,-2.5419700000e+00,-1.1574560000e+02
651,-2.6618870000e+00,2.0579180000e+00,2.2709020000e+02
652,1.2893430000e+00,-4.7187860000e+00,-1.4200150000e+02
653,2.3229760000e+00,2.4613590000e+00,1.3934320000e+02
655,-4.3816600000e+00,-6.1906650000e-01,2.2193200000e+02
657,7.6085870000e-01,1.5773210000e+00,-1.4778030000e+01
658,-5.0733030000e-01,-4.6000190000e+00,-8.9948170000e+01
659,-3.7260100000e+00,-2.5079990000e+00,3.3609220000e+01
660,4.5364980000e+00,-6.8281910000e-02,-8.8413360000e+01
661,1.7251550000e+00,2.6193720000e+00,-3.0719320000e+02
663,1.0342320000e+00,-3.3289060000e+00,-3.1109410000e+02
664,-1.2727400000e-01,-7.8492690000e-01,3.0046820000e+02
665,-4.5535440000e+00,-7.7917580000e-01,-2.2921760000e+02
666,1.5922620000e+00,1.1802680000e+00,3.5503100000e+01
667,1.1076030000e+00,-2.3224480000e+00,1.3356170000e+02
668,-3.7437430000e+00,4.2199970000e-01,-2.2677430000e+02
670,-1.6242630000e+00,7.9821520000e-01,-2.1888710000e+02
671,-1.9271140000e+00,-1.2805350000e+00,-1.2529400000e+02
672,-2.5064480000e+00,2.1168230000e+00,1.0968390000e+02
673,1.1916590000e+00,2.7713280000e+00,1.6772500000e+02
674,1.8397180000e+00,-2.6582060000e+00,9.8781840000e+01
675,2.0797980000e+00,-1.2691060000e+00,-8.8772780000e+01
676,-8.9481900000e-01,-1.3345370000e+00,-1.8152580000e+00
678,1.6046900000e+00,-2.0193070000e+00,-1.4528480000e+02
679,3.4327090000e-01,-2.1091870000e+00,-3.0301730000e+02
682,1.2340370000e+00,1.5678070000e+00,-3.6070970000e+02
683,-1.1310950000e+00,-2.2340920000e+00,2.8268420000e+02
684,1.5525310000e+00,-1.0097280000e+00,4.9722980000e+02
685,-1.1415360000e+00,1.8093130000e+00,-3.7613250000e+02
687,3.5954970000e+00,5.8249560000e-01,-3.6145240000e+01
688,1.7340500000e+00,-2.8254820000e+00,1.1960200000e+02
689,2.1407070000e+00,-2.9024740000e+00,2.7721760000e+02
690,2.5693540000e+00,3.5479710000e+00,-4.6723910000e+00
691,8.6986370000e-01,-1.6497250000e+00,-4.3979520000e+02
692,-6.7372500000e-01,1.7926790000e+00,-3.7677960000e+02
693,3.9850700000e+00,9.0613280000e-01,-2.0162130000e+02
694,-3.3957170000e+00,-9.2229720000e-01,-3.6171990000e+02
695,-1.8737610000e+00,1.7546800000e+00,3.0678910000e+01
696,3.0585060000e-01,2.0968150000e+00,4.3820060000e+02
697,5.2432070000e-01,1.2157720000e+00,-4.6568870000e+02
698,-2.8284330000e+00,-2.4166060000e+00,2.0389940000e+02
700,3.8194330000e+00,1.5756910000e+00,-2.3991460000e+01
702,2.6648850000e+00,3.0775810000e+00,1.4382280000e+02
703,6.8667350000e-01,2.6464010000e+00,3.0058830000e+02
704,-1.6263450000e+00,4.9006240000e+00,-3.2017400000e+01
705,2.3406750000e+00,-6.8770650000e-02,-1.5264310000e+02
706,-3.1302240000e+00,-3.5781700000e+00,1.5746690000e+02
708,3.0711410000e-01,-3.4568120000e+00,3.4232360000e+02
709,-3.1782800000e+00,2.4309110000e+00,-2.3607710000e+02
710,4.0434720000e-01,-4.6862110000e-01,1.9561430000e+02
711,1.8926170000e+00,1.6861450000e+00,-2.7110830000e+00
713,-1.7993760000e+00,1.2103780000e+00,-3.2425000000e+02
714,-1.0262680000e+00,4.8080580000e-01,4.4563950000e+02
715,-4.2044610000e-01,1.1446860000e+00,-3.1630180000e+02
717,-1.0607690000e+00,3.6467680000e+00,-3.2131900000e+02
718,3.8963250000e+00,-3.9903210000e+00,1.1602670000e+01
719,-4.7437110000e+00,-1.8934750000e+00,-9.7928000000e+01
721,-2.0538110000e+00,-1.7048400000e+00,-1.8207920000e+02
722,2.4113850000e+00,-3.6740760000e+00,1.3165860000e+02
723,1.0200300000e+00,3.9399830000e-01,9.6175850000e+01
724,-8.3654480000e-01,3.0733660000e+00,-3.4151110000e+02
725,-8.6326450000e-01,4.5993540000e+00,2.2225220000e+02
727,-2.8285740000e+00,-2.1127740000e-01,-9.1196010000e+01
728,2.8756880000e+00,-1.3842480000e+00,-2.4921340000e+02
729,-1.2686080000e+00,-1.6961580000e+00,-2.9240760000e+02
730,1.9262410000e+00,1.2155410000e+00,2.1908840000e+02
732,-7.0499860000e-01,-1.4255320000e+00,8.7412390000e+01
733,-3.0529170000e+00,1.1625210000e+00,1.6850940000e+02
735,-7.2853850000e-01,-3.1087650000e+00,1.0035630000e+02
738,2.7677910000e+00,6.9959680000e-01,-2.2293610000e+01
739,2.9340670000e+00,-2.0623160000e+00,-7.0669230000e+01
740,-1.8695760000e+00,-4.4075230000e+00,-1.3848120000e+02
741,2.5816590000e+00,3.7126880000e-01,-4.7345210000e+02
743,-4.8023120000e+00,5.3784500000e-01,-3.4254950000e-01
744,-4.3187530000e+00,-3.1337450000e+00,4.7916270000e+01
745,-1.8279490000e+00,1.4324660000e+00,-1.0982010000e+01
746,9.5918740000e-01,1.9317750000e+00,-4.8104420000e+02
747,3.4656190000e+00,1.5911030000e+00,-1.3189650000e+02
748,6.3217800000e-01,1.5288010000e+00,6.0847800000e+01
751,1.1962900000e+00,-2.7334590000e+00,1.0364960000e+02
752,-3.2001350000e+00,2.4100720000e+00,1.8758300000e+02
753,-4.5174530000e+00,2.2347240000e+00,1.4467310000e+02
754,-2.3018250000e+00,1.1506640000e+00,4.6083300000e+02
755,3.3902370000e-01,-2.2709140000e+00,-4.4777410000e+02
756,1.2003240000e+00,-2.0331320000e+00,-4.5153960000e+02
757,-1.8551990000e+00,-2.1011550000e+00,-1.2064760000e+02
758,2.8970280000e+00,3.5680960000e+00,1.1926540000e+02
759,2.6733110000e+00,-5.6591730000e-01,-4.3559190000e+02
761,6.9659640000e-01,6.6249920000e-01,1.2842570000e+02
762,4.3305230000e+00,-2.3434120000e+00,-2.0330960000e+01
763,9.1404230000e-01,3.1749460000e+00,3.3043900000e+02
765,-2.1555060000e+00,3.6354810000e+00,2.2063930000e+02
766,1.8382170000e+00,1.5660780000e+00,3.5970530000e+02
767,9.3853560000e-01,-4.3146810000e-01,1.9817560000e+02
768,1.2113420000e+00,-9.1607500000e-01,-3.0687070000e+02
770,-3.3766750000e+00,-2.5224220000e+00,1.1362730000e+02
771,2.1742170000e+00,7.6859410000e-01,3.4342370000e+02
772,-5.4783460000e-01,-4.1027560000e+00,5.9151670000e+01
773,-5.5807370000e-01,-4.2967680000e+00,-4.1757470000e+01
774,4.4797280000e+00,3.7793960000e-01,-1.0956240000e+02
775,-1.4032800000e+00,-3.2351500000e+00,-1.0384250000e+02
777,-6.1486190000e-01,1.2607990000e+00,2.1749610000e+02
778,-2.8284140000e+00,-1.9837550000e+00,1.1038420000e+02
779,2.2517840000e+00,-4.8548830000e+00,2.1365740000e+01
780,1.1159990000e+00,-1.2922270000e+00,-3.3235750000e+02
781,1.8918800000e+00,-2.1351150000e+00,4.2668170000e+02
782,-2.4931260000e+00,4.6352010000e+00,-9.4252090000e+01
783,3.6575940000e-01,8.7651200000e-01,1.3861770000e+02
784,1.3277770000e+00,3.8303300000e+00,3.1426630000e+02
785,-1.7405640000e+00,7.9936250000e-01,-2.8233440000e+02
786,-2.2486630000e+00,-8.9732040000e-01,2.4399430000e+02
787,7.5818090000e-01,-2.2314660000e+00,-4.2037120000e+02
788,-4.1613890000e-01,-2.9345730000e+00,-3.6991560000e+02
789,3.9611490000e+00,-3.0963580000e+00,2.7627700000e+01
790,6.0456170000e-01,-3.7409370000e+00,-1.2330520000e+02
791,4.4896840000e-01,-2.0101080000e+00,6.4823450000e+01
792,-1.6837380000e+00,4.0490980000e+00,1.0956250000e+01
793,8.8664170000e-01,2.0587500000e+00,1.5113680000e+02
794,-4.2929670000e-01,1.0033670000e+00,1.5578830000e+02
795,1.4892790000e+00,-4.2961900000e+00,-1.8128360000e+02
796,2.5478820000e+00,-4.3678030000e+00,9.4998160000e+01
800,9.8568190000e-01,4.3685960000e+00,-2.5185250000e+02
802,-2.5694970000e+00,2.2541060000e+00,-2.1402430000e+02
803,3.7732480000e+00,-6.6953230000e-01,-2.6460890000e+02
804,-5.0461770000e-01,-1.3041400000e+00,2.8271880000e+02
805,3.1600600000e+00,1.6737190000e+00,-2.3398630000e+02
806,1.4263930000e+00,-2.6377760000e+00,-4.0351130000e+02
807,2.8061680000e+00,-2.1946420000e+00,-1.7755540000e+02
808,8.8531710000e-01,-3.7034000000e+00,2.1668710000e+02
809,1.8314910000e+00,1.3985990000e+00,1.7137940000e+02
810,-6.9706730000e-01,1.4600650000e+00,4.0993770000e+02
811,2.3653610000e+00,-3.5706580000e+00,-6.3110280000e+01
812,4.6033140000e+00,-2.6992230000e+00,5.0773380000e+01
813,-4.5915460000e+00,1.1167060000e+00,2.4817050000e+02
814,-2.4753390000e+00,5.2247940000e-01,-4.3371240000e+02
815,-1.4204300000e+00,-1.1993360000e+00,1.1347940000e+02
817,-4.4787190000e-01,-3.7895120000e+00,-3.2743360000e+01
819,-3.0919630000e+00,9.2974750000e-01,3.7340450000e+02
820,-1.9412460000e+00,2.3368020000e+00,3.8118140000e+02
821,-4.2321620000e+00,2.9792030000e+00,9.4374740000e-01
823,9.5164780000e-01,-2.7731640000e+00,2.0350150000e+02
825,2.5942730000e+00,-2.3129020000e+00,9.0741590000e+01
826,2.8952530000e+00,-2.1905940000e+00,1.7991360000e+02
827,-3.7739260000e+00,-1.0665630000e+00,-2.8681530000e+02
828,1.6962450000e-01,1.9337450000e+00,-4.4960020000e+02
830,-3.2752320000e+00,-2.8847490000e+00,-4.7295790000e+01
831,3.2869080000e-01,1.0915060000e+00,4.5002510000e+02
832,3.8425720000e+00,-6.9124050000e-01,3.5609860000e+02
833,4.5546250000e+00,-1.5747250000e-01,2.9016760000e+02
836,4.1627520000e-01,-3.8630470000e-01,1.0495710000e+01
837,-4.7898030000e-01,1.4177220000e-01,3.3381320000e+02
838,2.6288720000e+00,1.1008640000e+00,8.7042790000e+01
839,-3.0454770000e+00,1.8041240000e+00,3.2244320000e+02
840,2.6795570000e-01,-2.5082110000e-01,-1.8924000000e+02
841,-4.6591520000e+00,-2.2781250000e+00,1.2570870000e+02
842,2.3965120000e-01,1.7525530000e+00,-3.4670420000e+02
843,-4.2889590000e+00,-1.7778760000e+00,1.9088890000e+02
844,-4.0092060000e+00,1.0691920000e+00,-1.0231280000e+00
845,7.2969870000e-01,-1.2755960000e+00,2.2840410000e+02
846,5.6390650000e-01,2.5248940000e+00,-3.4967480000e+02
848,-1.8128070000e+00,9.9888090000e-01,1.3121210000e+02
849,4.9155050000e+00,-1.7579520000e+00,-5.1529740000e+01
850,-2.8797480000e+00,-5.8543820000e-01,-4.8923600000e+00
851,2.7299010000e+00,1.8507930000e+00,3.2707060000e+02
855,-1.8772170000e+00,2.2227840000e+00,-3.2593550000e+02
856,2.7295760000e+00,-9.7704150000e-01,2.2139640000e+02
857,-1.2203490000e+00,2.0700990000e+00,-6.2825570000e+01
858,4.4425990000e+00,1.9939580000e+00,-5.8998710000e+01
860,1.6949220000e+00,1.6057890000e+00,4.4053460000e+02
861,4.1430360000e+00,-7.9274780000e-01,1.9007000000e+02
862,-3.7030670000e+00,-1.0181010000e+00,2.2862240000e+02
863,2.6335580000e+00,-4.0366800000e+00,9.4068070000e+01
864,7.3071090000e-01,-4.5364200000e+00,2.9205360000e+02
865,-4.4388740000e+00,8.7425800000e-01,-1.9389830000e+02
867,-3.6714360000e+00,1.2065330000e+00,-3.0681690000e+02
869,2.8532840000e+00,1.4236820000e+00,-2.7093110000e+02
870,1.4433710000e+00,-7.8713570000e-01,-2.9873550000e+02
872,-4.8226100000e-01,1.7928950000e+00,-1.1290000000e+02
874,3.8697160000e+00,-2.2835750000e+00,3.6085090000e+01
876,-9.2109220000e-01,3.5068510000e-01,9.1936750000e+01
877,4.9512150000e+00,-2.9248180000e-01,1.1038810000e+02
878,-1.7322750000e-01,2.0186080000e+00,2.3792710000e+02
879,3.1124520000e+00,-1.3338980000e+00,1.1624590000e+02
880,-3.0083690000e+00,2.1190250000e+00,2.9458780000e+02
881,-4.7732650000e-01,-5.4345990000e-01,-1.5505090000e+02
882,-1.9549350000e+00,1.5859600000e+00,6.9699010000e+01
883,1.8047930000e+00,3.4365020000e+00,5.6036320000e+01
884,-8.4333390000e-01,2.1298220000e+00,-4.6542570000e+02
885,2.7121290000e+00,2.0351220000e+00,2.0207570000e+00
886,-2.0169920000e+00,-5.7334470000e-01,4.4701630000e+02
887,1.0225860000e+00,-3.8792840000e-01,2.0071540000e+02
888,2.8177830000e+00,-1.7650690000e+00,2.8693640000e+02
891,3.1359540000e+00,-9.1355110000e-03,-2.6242220000e+02
892,-1.3977760000e+00,-3.1790110000e+00,-1.8014680000e+02
893,-4.1719780000e+00,1.7751330000e+00,1.0170360000e+02
895,4.9568290000e-01,1.0993300000e+00,-3.2802740000e+02
896,2.0940300000e+00,1.0695640000e+00,-2.0337680000e+02
897,2.8705600000e+00,-6.0128000000e-02,1.6117160000e+02
898,-2.6188210000e+00,-3.6993110000e+00,3.4861690000e+01
899,-2.2144430000e+00,-1.7645190000e+00,3.6513630000e+01
900,-1.0523580000e+00,7.5873040000e-03,4.1958360000e+02
901,-8.1266240000e-01,-4.1024790000e+00,3.0445440000e+01
902,2.9621000000e+00,-2.0879430000e+00,-3.9908790000e+01
903,3.0525650000e+00,3.5955910000e+00,6.4239550000e+01
904,-1.1031860000e+00,-4.8397650000e+00,1.5939710000e+02
907,3.0032700000e+00,1.6346280000e+00,-3.7122810000e+01
908,-1.7997860000e+00,-1.5572170000e+00,-3.2346010000e+02
909,4.7822950000e+00,-2.1337220000e+00,8.0116690000e+01
910,8.7464220000e-01,-2.1227810000e+00,2.9625710000e+02
912,4.6879580000e+00,9.7897530000e-01,-8.8270420000e+01
914,-3.4992540000e+00,2.1901780000e+00,-2.3942920000e+02
915,-3.8450270000e+00,2.9544250000e+00,1.5288350000e+02
916,4.6631110000e+00,-5.4914700000e-01,1.0061190000e+02
917,2.4742980000e+00,8.9926440000e-01,-1.4203120000e+02
919,2.4656940000e+00,-1.2754400000e+00,3.7129450000e+02
920,8.4011340000e-01,-2.8469260000e+00,2.9570450000e+02
921,-2.7392880000e+00,3.0030490000e+00,-3.6919500000e+00
922,4.0411500000e+00,-3.6237620000e+00,-3.3218040000e+01
923,-9.7533600000e-01,-9.7794300000e-01,-4.3315200000e+02
925,-7.5757940000e-01,-8.6882320000e-01,-9.6387540000e+01
926,5.2138570000e-01,2.0470170000e+00,2.4023960000e+02
927,3.6108580000e+00,1.8850460000e+00,-8.9896440000e+01
928,-2.8092460000e+00,-4.3395100000e+00,-9.5475070000e+01
929,5.0113960000e-01,2.3373330000e+00,-4.1027880000e+02
930,-3.6974200000e+00,-4.9455830000e-01,-1.7854890000e+02
932,2.2342360000e+00,3.6506400000e+00,1.3035130000e+00
933,2.7023250000e+00,-1.1171020000e+00,-1.2848580000e+01
934,1.4257300000e+00,-5.2800610000e-01,1.8468320000e+02
937,4.9353510000e+00,-4.8363360000e-01,-5.3971420000e+01
938,3.6190220000e+00,3.6322040000e-01,-6.2017300000e+01
940,2.8692880000e+00,3.9195750000e+00,-1.2784570000e+02
941,-3.2770490000e-01,-2.2291760000e+00,-3.1008680000e+01
942,-3.2790580000e+00,-1.5931690000e+00,2.5089000000e+02
943,3.0345650000e+00,1.3942900000e+00,4.1806470000e+01
945,-1.3571310000e+00,-1.3763460000e+00,1.9387280000e+02
946,-1.9198300000e+00,-1.3098260000e+00,-6.8087400000e+01
947,1.6518530000e+00,5.1861040000e-01,-3.3830540000e+02
948,2.7214080000e+00,-5.6734080000e-01,2.1322920000e+02
949,7.3683730000e-01,-4.4912850000e+00,-7.3044060000e+00
952,1.9423820000e+00,2.9072110000e+00,3.5375210000e+01
953,-3.2763140000e-01,2.7424090000e+00,-2.4374430000e+02
954,-3.9356350000e-01,6.0949570000e-01,-3.9909170000e+02
955,8.7513920000e-01,-1.2858990000e+00,6.2769440000e+00
956,-2.2554460000e+00,-2.0474700000e+00,-3.5213700000e+02
959,-1.6493800000e+00,1.0502930000e+00,1.1933980000e+02
961,-1.4019590000e+00,1.2105020000e-01,4.9708100000e+02
962,4.2337780000e+00,-2.0551210000e-01,3.8027010000e+02
963,-2.8027180000e-01,3.6669950000e+00,3.1748140000e+02
965,-3.6951740000e+00,3.3034900000e+00,7.9869970000e+01
966,3.6529950000e+00,3.5867330000e-01,-1.3553590000e+02
968,3.9677010000e-01,-1.1017430000e+00,-2.8609370000e+02
969,-3.8947840000e+00,-2.5168010000e+00,-1.2147720000e+02
970,-2.7585600000e+00,-2.1908120000e+00,-1.2008840000e+00
971,-3.4564170000e-01,2.9149780000e+00,-1.2435540000e+02
972,-3.9092220000e+00,9.2923080000e-01,2.1646740000e+02
973,1.2976220000e+00,3.7107960000e+00,-1.7882760000e+02
975,4.0374930000e-01,-1.6110450000e+00,5.8897850000e+01
976,-2.6674690000e+00,7.9972690000e-01,-4.1655930000e+02
977,2.0482560000e+00,-2.0984940000e-01,3.4766660000e+02
978,2.4054840000e+00,6.9164990000e-01,2.9732940000e+02
979,1.5648230000e+00,-4.4057870000e-01,-2.4641510000e+02
980,9.1037500000e-01,-4.2447670000e-01,-2.0233050000e+02
982,-1.8595470000e+00,-3.8333500000e+00,1.8501630000e+02
983,-1.7462230000e+00,-2.9199440000e+00,5.6284160000e+01
984,1.6061120000e+00,1.7276520000e+00,4.3247780000e+02
985,3.2239830000e+00,1.2309220000e+00,9.2595620000e-01
986,-1.9010750000e+00,2.4385600000e+00,-4.3660260000e+01
987,-4.2644850000e+00,-1.9338160000e+00,7.8734580000e+01
988,-5.0823380000e-01,-2.8683400000e+00,-3.9424890000e+02
989,8.8007710000e-01,-1.1895740000e+00,2.2325230000e+02
990,-2.1603070000e+00,-4.7793350000e+00,-5.2737420000e+01
991,3.3398640000e+00,3.9693140000e+00,-5.2023640000e+01
992,2.9590180000e+00,-6.7262270000e-01,-4.6896110000e+02
993,4.8384580000e+00,6.3774270000e-01,-2.7846200000e+02
994,9.5978490000e-01,4.3903950000e+00,1.5426640000e+02
995,3.3865220000e+00,9.6379640000e-01,-3.1460090000e+00
997,7.3148140000e-01,-3.0838730000e+00,4.4200590000e+02
999,-3.9785470000e-01,4.1479040000e-01,9.4747370000e+01
