load_id,Vx,Vy,Mx
0,-4.0755217349e-01,4.6625164452e-01,2.5529260855e+01
1,-1.2383434646e-01,-3.4600422184e-02,-6.2465057368e+01
2,7.2761235607e-02,1.8714926674e-01,-3.9149617812e+01
3,-2.3344413534e-01,-3.8014225816e-01,-4.4187946502e+01
4,-3.4652850814e-01,4.7360741625e-01,4.3693230932e+01
5,5.4065304828e-01,-5.4672638138e-04,-3.1279584308e+01
6,2.9978661795e-01,-6.4904402193e-03,4.4765638623e+01
7,2.0016485176e-01,-3.1749080068e-02,5.4584977036e+01
8,1.1885436485e-01,5.2100168971e-01,1.8158637321e+00
9,-5.6376797593e-01,5.6772150992e-01,4.5393823454e+01
10,-3.8157793486e-01,-7.4840566708e-02,3.3805387313e+01
11,-1.2253642409e-01,-2.3100327789e-01,1.8191628643e+01
12,1.5848820255e-01,2.2370061518e-01,5.9837016194e+01
13,-1.9629215611e-01,-2.4668840362e-01,4.1877518007e+01
14,2.3424255004e-01,-4.5650823695e-02,2.5431051594e+00
15,-2.4334974344e-01,-4.0691717494e-01,-3.7582212526e+01
16,-3.2695545241e-01,-8.2915201571e-02,-3.0954441031e-01
17,1.1750867912e-01,-5.7797849797e-01,-6.7914711654e+01
18,-2.3832768940e-01,1.9534446101e-01,-4.0413479553e+00
19,2.6086603455e-01,-3.3859438542e-01,3.1954065946e+01
20,4.8865921349e-01,-6.6832331403e-02,1.7574760803e+01
21,4.7930477886e-01,4.0287510315e-01,5.8397160157e+01
22,-2.3680177436e-01,-1.6224643669e-01,5.1056635153e+01
23,6.5468987398e-02,2.5927617096e-01,-3.9459997745e+01
24,-5.9591252487e-01,5.7106360997e-01,5.1257840303e+01
25,4.6273736511e-01,2.5548250111e-01,3.2305271092e+01
26,-1.9286178645e-01,7.7578880671e-02,-3.1098859358e+01
27,-5.2921344930e-01,5.9775668019e-01,4.1586097446e+01
28,-5.8055416152e-02,-3.1779669433e-01,-2.8078694611e+01
29,-2.6557801306e-01,-1.9813231075e-01,3.7858917642e+00
30,5.0486184691e-01,-4.1290427926e-01,-5.9991847073e+01
31,1.1683621434e-01,-2.8781841126e-01,-3.6693104052e+01
32,1.1240133412e-01,-4.2808099089e-01,-4.5691570935e+01
33,5.9387852715e-01,-5.1262020109e-01,-2.6216084125e+01
34,4.2299855955e-01,8.8015125273e-02,-4.6174214865e-01
35,3.9382200686e-01,4.6893769987e-01,-4.4362451803e+00
36,-2.4046078639e-01,-7.0646316181e-02,-5.2123354795e+01
37,2.7979928042e-01,-4.5616776615e-01,-3.3941249313e+01
38,-2.4549997508e-01,-2.6261905909e-01,-6.9554644699e+01
39,-4.4987152491e-01,-4.3438524522e-01,-1.6650515306e+01
40,-7.6104095286e-02,-4.3126692824e-01,1.0622231765e+01
41,4.8165783788e-01,3.1167892377e-01,-1.0178172020e+01
42,3.5377928453e-01,-1.8882839470e-01,1.6308775197e+01
43,3.6223255179e-01,-4.2769021605e-01,-3.2748252318e+01
44,3.5497125072e-01,2.2778344186e-01,4.3543095585e+01
45,6.6114020961e-02,-3.8261131711e-01,-7.1854957578e-02
46,3.2069103715e-01,3.3557157680e-01,3.6233444941e+01
47,1.7207695838e-01,4.1022656992e-02,9.2524720857e+00
48,-2.3062304155e-01,4.0043749730e-01,-8.7583493820e+00
49,6.4789539175e-02,-5.6639373865e-01,-6.6887059691e+01
50,-1.7158150210e-01,-2.3515381081e-02,-4.2908896565e+00
51,3.1255998346e-01,3.7934145151e-01,1.7298176302e+01
52,-4.4834215847e-01,1.6355599070e-01,6.2455878942e+01
53,3.4624435086e-01,4.2220317205e-01,-9.0543487768e+00
54,-5.5135682985e-02,3.7237193299e-01,-2.0102035688e+00
55,-1.2245708714e-01,9.3294595254e-03,-1.2797262801e+01
56,4.9586520194e-01,-1.1090430077e-01,-1.6262636315e+00
57,4.8839124929e-01,-1.1274563656e-01,1.5420275962e+01
58,2.3989288660e-01,5.7380556737e-01,-9.8237551392e+00
59,-5.2563412528e-01,-2.3476604607e-01,-2.7607701419e+01
60,-1.2890097888e-01,-3.8488373970e-01,-5.9139364172e+01
61,-1.9449895037e-01,-5.8871317127e-01,-1.4016747278e+00
62,-4.2109323359e-01,-4.8249646037e-01,-2.7389446450e+01
63,-4.4025600970e-01,-6.4378938860e-02,4.7715102705e+01
64,5.2425597631e-01,-4.2541082578e-01,-2.5357558977e+01
65,3.1258541339e-01,5.2616995828e-01,4.3695695472e+01
66,-7.9833401377e-02,-1.1158546034e-01,4.1838103728e+01
67,2.0670634003e-01,-1.9813796371e-01,2.1739924782e+01
68,-2.2532131846e-01,-1.1915052817e-01,-3.7981516331e+01
69,4.2078248574e-01,-5.3281049578e-01,-5.0725574936e+01
70,-1.6018682630e-01,-5.2428629980e-01,-1.0588040550e+01
71,-5.5305616321e-01,-1.3357036697e-01,-4.8784574577e+01
72,-1.8055685081e-01,-8.0046387650e-02,5.2258212830e+01
73,4.8145472547e-01,-2.7279084319e-01,-4.4922253952e+01
74,-2.7700946002e-01,-4.2331282476e-01,8.2949547987e+00
75,5.5859915054e-01,-2.0262348935e-01,-9.9671245307e+00
76,4.1026161069e-02,2.9331683168e-01,-4.7483607426e+01
77,5.7778803112e-01,8.0236421076e-02,1.9671391157e+01
78,-7.3912461726e-02,4.5285592849e-02,6.0351108946e+01
79,3.8490417840e-01,-2.6804592338e-01,-3.3347856907e+01
80,8.5881357487e-02,2.5301007349e-01,2.6333777901e+01
81,3.9811251368e-02,2.3794129045e-01,-4.9132628670e+01
82,-5.2759513323e-01,-3.8608584595e-02,3.3621696279e+01
83,4.1994649579e-02,-3.8890791300e-01,-2.8954620377e+01
84,2.7798956693e-01,-1.8413447815e-01,-3.5875685360e+01
85,3.6881941333e-01,-5.2557317645e-03,-1.8108836877e+01
86,-4.4575416757e-02,4.4440706638e-01,-2.4002287753e+01
87,-5.1181408380e-03,-2.1872710714e-02,1.5769834055e+01
88,2.5632649616e-01,3.8010281284e-01,6.2601560268e+00
89,1.8178067489e-01,-3.1187406279e-01,3.4950034685e+01
90,4.7558324976e-01,1.9833715521e-02,-2.8706400040e+01
91,1.1082925789e-01,1.3947064274e-01,6.4477521973e+01
92,-3.3466429355e-01,-7.6238949494e-02,6.0875862040e+00
93,-1.7442235720e-01,-2.5650379735e-01,2.5119380777e+01
94,5.1155921040e-01,4.1300429288e-01,2.6356294789e+01
95,1.7516073832e-01,-1.4810700947e-01,-4.8678309015e+01
96,2.4555838102e-01,-4.4750593005e-01,-4.9696576783e+01
97,-1.6934046235e-01,7.1192937820e-02,-5.3138649130e+00
98,-5.2598398085e-01,4.6740086012e-01,3.0706946780e+00
99,1.4054246069e-01,7.8354957547e-02,-4.4783067428e+01
100,2.4422299872e-01,-5.8312486647e-01,5.4895220691e-01
101,1.9837578033e-01,-4.6861748480e-01,-3.7974376521e+01
102,-8.8172694738e-02,3.2139907196e-02,-3.9421447679e+01
103,-1.8758036978e-02,3.7814231000e-01,6.3685868255e+01
104,-5.0906190863e-01,7.5694851912e-04,3.1485010783e+01
105,-4.7165438979e-01,-1.3960362025e-01,-6.5192841244e+01
106,-7.1799887196e-02,3.6878369127e-01,6.7426384787e+01
107,-2.7385515070e-01,-2.0384739251e-01,-6.8810536719e+01
108,-2.2142126292e-01,1.3927086657e-01,-3.2905336569e+01
109,-2.7557906959e-01,4.8143382601e-01,5.8425381215e+01
110,-8.5761390619e-02,-2.0263397309e-01,4.9660198591e+01
111,5.1277112243e-01,-2.6828548930e-01,-4.9745164368e+01
112,-2.7302459126e-01,4.6575007236e-02,-4.4906249118e+01
113,3.9594066167e-02,1.3167318226e-01,3.9854286262e+01
114,-4.9584661216e-02,-6.6493748576e-02,5.5359367926e+01
115,-1.5699132950e-01,-5.1108693411e-01,-5.4971943499e+00
116,-4.9719404612e-01,-4.6474812131e-01,-2.5857263570e+01
117,2.3625193785e-01,-1.0997347665e-01,-2.1115684082e+01
118,5.3893322403e-02,-2.1921365046e-01,2.2303402644e+01
119,-5.9696969556e-01,-5.0250792114e-02,-3.2869741493e+01
120,-2.8813911556e-01,4.6758447387e-01,2.1282637382e+01
121,-5.9529351329e-01,-3.1284817428e-01,-4.7405737982e+00
122,2.4571038138e-01,4.7145230238e-01,5.9179994250e+01
123,-1.0570292514e-01,2.1887878568e-01,-2.9099116643e+01
124,1.9040402741e-01,-1.6775652224e-01,-5.2055437949e+01
125,-4.0755239098e-01,3.6444993913e-01,3.6323010792e+01
126,5.2219985875e-01,1.1292825423e-01,-3.6453402442e+01
127,1.1820575205e-02,3.4116111090e-01,-1.1370269411e+01
128,1.7361211539e-01,2.3307362339e-01,-4.9977521201e+01
129,-4.9574188725e-01,1.7119375248e-01,2.1373771597e+01
130,-4.7623014699e-01,-5.3771080032e-01,-5.9099702404e+00
131,2.5195612519e-01,-5.5304591811e-01,-1.4863778813e+01
132,-4.8163134710e-01,5.1628580266e-02,2.6819567224e+01
133,3.3474215582e-02,1.1784564052e-01,3.9478470793e+01
134,4.8568918910e-01,1.5447380118e-01,1.6083376154e+01
135,1.0608669958e-01,-1.7887247850e-01,6.4594725268e+01
136,1.7523765556e-01,4.2474925488e-01,7.1229266390e+00
137,-2.4499368181e-02,2.0883934750e-01,-3.9338246182e+01
138,3.8992711065e-01,3.0731648189e-01,5.8631780107e+00
139,-4.9449015214e-01,-5.1642723303e-01,-3.5762022683e+01
140,-2.7558384123e-02,-2.2492606296e-01,3.5890692844e+01
141,-1.1763733152e-01,-5.0404620467e-01,-3.2970343210e+01
142,-2.4376959043e-01,-2.8180417890e-02,-1.3921903577e+01
143,-5.1853674085e-01,-3.1550925531e-01,-8.2163065843e+00
144,1.2395521356e-01,4.9611475808e-01,5.8883822191e+01
145,-1.2346559974e-01,-4.8379662073e-01,-4.4300600494e+00
146,9.7803819911e-02,-2.6140531554e-01,-5.0821462577e+01
147,4.9289363329e-01,-1.0336122687e-01,-3.7866358769e+01
148,4.0031364431e-01,2.3413689645e-01,-1.0948898594e+01
149,-2.9454770298e-01,-4.0288831116e-01,-5.8608851036e+00
150,3.9987459784e-01,-3.2937070816e-01,-3.2475689767e+01
151,1.0549601230e-01,4.5988937266e-01,4.9329613371e+01
152,9.9966498561e-02,-1.1880564597e-01,6.9170118460e+01
153,-2.0766013295e-01,3.4286389378e-01,-1.8105605649e+01
154,-1.5845722636e-01,5.2359483922e-02,-1.8838581300e+01
155,5.0753284326e-01,-1.2249356616e-01,2.6204289226e+01
156,-2.4507923108e-02,-9.6147917828e-02,3.2945683966e+01
157,-2.7902085577e-01,-2.2686699335e-01,-4.9697187973e+01
158,2.1791605121e-03,-4.6146818834e-01,2.9053640367e+01
159,-2.3544681801e-01,2.6845625638e-01,-8.4852603688e+00
160,-2.0789919149e-01,6.7817559985e-02,5.8281338581e+01
161,-3.9687510248e-01,3.8189127791e-01,-1.2693224723e+01
162,4.1328532142e-01,-5.1184761964e-01,-6.6119899022e+01
163,-1.8531109563e-01,-3.6918547926e-01,3.1659409576e+01
164,7.8291715403e-02,-9.2843869394e-03,6.3370914435e+01
165,3.9451587711e-01,-4.6777619195e-01,-2.2188314151e+01
166,4.5650606452e-01,-2.3550462847e-01,-1.3167554954e+01
167,-1.1107232850e-02,-2.8853649121e-01,5.5924146372e+01
168,-3.3126145521e-01,-9.4357455005e-02,1.4297121405e+00
169,1.3364107918e-01,-1.0354718824e-01,2.7544198830e+01
170,3.6979299591e-01,-2.2432814061e-01,1.7866656443e+01
171,-1.0002806273e-01,-1.3399782146e-01,-5.4910586041e+01
172,1.3458626160e-01,-3.5221639941e-01,8.6344760329e+00
173,-1.0035832545e-01,-6.2631631968e-02,3.8391796376e+01
174,6.2940462756e-02,-2.2961567458e-01,3.7444673398e+01
175,-1.6994450185e-01,-3.9372124895e-01,-6.6037465779e+01
176,1.7671721151e-01,-3.8043495205e-01,-4.8533907793e+01
177,-3.3679284439e-01,2.1127614468e-01,1.1323453935e+01
178,7.5930435711e-02,2.3508986059e-01,-9.6827804062e+00
179,-4.4917474327e-01,-4.8720151701e-01,-3.0914362765e+01
180,-4.5108664365e-01,-1.2941300812e-01,-1.5293564392e+01
181,-6.8116024897e-02,-2.2839717992e-01,8.2197069088e-01
182,-2.0259479507e-01,1.5225853096e-01,-1.5366816061e+00
183,1.0365824608e-01,9.0720088005e-02,4.5601862647e+01
184,3.3519629047e-01,-4.0475482107e-01,5.6655396607e+00
185,-5.7628032028e-02,2.6335955569e-01,-1.9994351758e+01
186,8.2808055321e-02,-5.2559494113e-02,4.2836847324e+01
187,-9.4537176909e-02,1.9566797587e-01,2.4277919049e+01
188,3.5723792738e-01,2.4544046816e-01,6.3472815283e+01
189,1.4956911757e-01,1.8772817915e-01,-4.0621980587e+01
190,2.6323346814e-01,-2.3735536790e-01,-3.7415601430e+01
191,3.6280231396e-01,2.9419879383e-01,-6.0817711164e+00
192,5.1393612106e-01,-4.5975376788e-02,-2.0732864440e+01
193,4.1181189653e-02,-2.5910397988e-02,3.5150281176e+01
194,-8.3706995292e-02,2.9910220432e-01,5.4457904744e+01
195,-4.2535830219e-01,-3.7404674441e-01,-3.7333664282e+01
196,-5.5055078321e-02,4.7754864849e-01,6.2202516776e+01
197,-2.4405264235e-01,-4.3953760435e-01,-5.8906645667e+01
198,2.9957456863e-01,2.4736347085e-01,2.8753282276e+01
199,-5.6109371795e-01,-2.0226063561e-01,-6.0507601636e+01
200,-1.6521029207e-02,5.3263035171e-01,6.5890635153e+01
201,1.9332770472e-02,3.6707223153e-01,-3.1610626561e+01
202,3.1676859692e-01,4.9634744839e-01,3.7583625081e+01
203,1.6478700466e-01,-8.9449354587e-02,5.6010553990e+01
204,-6.2259034255e-02,-3.6417501302e-01,-6.8882292073e+01
205,2.8513045776e-01,1.7041213838e-01,-4.7131962752e+01
206,-2.7389821855e-02,1.6865593517e-01,-3.2120456262e+01
207,2.1779898489e-01,-2.2503404986e-01,2.4260992818e+01
208,4.9925085694e-01,-3.8321847965e-01,-7.8431736007e+00
209,-2.3319538173e-01,-2.0346196264e-01,5.5819864142e+01
210,5.2114624164e-01,4.0175183836e-02,1.5633484487e+01
211,4.6422387902e-01,1.8866645110e-01,2.5441049399e+01
212,2.5869876076e-01,6.2211790218e-02,2.9770378637e+01
213,-4.7023334065e-02,-3.2906520341e-01,-8.4750416225e+00
214,1.5528583322e-01,-1.6795007648e-01,-2.8957006421e+01
215,-2.9962755403e-01,3.3699891434e-02,5.4146201044e+01
216,-5.7495603853e-01,-1.9458781162e-02,-1.8327911374e+01
217,3.4091058859e-01,7.3033910926e-02,-8.8488098721e+00
218,2.5643937002e-01,2.7930625576e-01,-3.1321716788e+01
219,9.8528901756e-02,5.3890678852e-01,7.5102432792e+00
220,-3.0706484547e-01,-1.5275892767e-01,-9.5572700384e+00
221,-5.1168781915e-01,5.2049525513e-02,-2.0541003463e+01
222,4.6855305335e-01,3.4233802217e-01,5.8440309017e+00
223,-2.4459903343e-01,7.1568415829e-02,-1.6511888140e+01
224,3.3859766830e-01,-5.6617829221e-01,-4.8522290587e+01
225,-5.3491892134e-01,-9.8478343412e-02,3.0864650150e+01
226,-3.3020009291e-01,-9.9449119903e-02,-4.0786478517e+01
227,-3.1158669991e-01,5.0656929950e-01,6.0483472030e+01
228,-5.5432424722e-02,2.3483213328e-01,-1.6101160241e+01
229,-3.7288735605e-01,2.2539161987e-01,-2.4670779186e+01
230,-8.7355653329e-02,5.1228680567e-01,5.6136686043e+01
231,4.2684552476e-02,4.4118104786e-01,6.6868889248e+01
232,8.3792719584e-02,-3.9828415434e-01,9.7441146968e+00
233,1.9187485316e-01,-5.0983009224e-01,3.4093987296e+00
234,1.2512975452e-01,3.3129031696e-02,-5.7290501623e+01
235,-4.7176434279e-01,1.8621110271e-01,6.4115474835e+01
236,4.4955263981e-01,-1.6135382399e-01,1.4348983201e+00
237,2.2423089424e-01,-1.8877281547e-01,-2.2888335378e+01
238,-2.2942582358e-01,2.9740695755e-02,2.5174608394e+01
239,1.6453301883e-01,2.6382995583e-01,-5.0178289117e+01
240,1.2228704698e-01,3.4652052094e-02,-4.7146683071e+01
241,-3.3846138418e-01,-2.0027382542e-01,2.9600555241e+01
242,-4.0426078919e-01,-3.8971404103e-01,1.3898131402e+00
243,2.6825311664e-01,2.6227916452e-01,1.2449584422e+01
244,5.7430223977e-01,2.9825262380e-01,3.3188188863e+00
245,-4.3233805051e-01,5.6605244510e-01,4.0416905150e+01
246,-2.5583279106e-01,-3.3223092409e-01,-2.9174098700e+01
247,1.2318017258e-01,-1.4058631399e-01,6.7145486660e+01
248,-2.6705187664e-01,4.7419160825e-01,4.4628886501e+01
249,1.0731656524e-01,-1.7621337033e-01,-5.6060729253e+01
250,9.9782142045e-02,-3.9919198690e-01,-5.7805028526e+01
251,2.1602433739e-02,5.3681820997e-01,-4.3187054704e+01
252,3.7079909942e-01,-2.8058034507e-01,-2.2907550369e+01
253,8.7036665854e-02,-1.6780924555e-01,-3.9278717070e+01
254,5.7427156900e-01,-4.8669775877e-01,-6.2742379655e+01
255,2.0886868210e-01,4.6621392488e-01,-7.6981618668e+00
256,3.9707260117e-01,-5.7667069787e-01,-3.3248339599e+01
257,-4.1596125766e-02,1.9949489114e-01,-5.2262090546e+00
258,-5.0833154207e-01,3.2378844791e-01,3.9688246512e+01
259,6.5421947980e-02,3.1071137200e-02,-2.4951825909e+01
260,2.4179961015e-01,8.8135875766e-02,-6.4357581615e+01
261,-5.1037365211e-01,3.7589352052e-01,-1.3554090748e+00
262,2.1716079283e-01,-2.3471664583e-01,-3.5819159814e+01
263,-5.3157232050e-01,3.4268030457e-01,-1.0961445005e+01
264,4.4412765085e-01,-4.0540610951e-01,-2.1402677149e+01
265,-2.2594062769e-01,-4.0645230793e-01,-3.0008677415e+01
266,-4.0349567018e-01,3.7462948178e-01,3.0216120350e+01
267,3.9523557283e-01,-1.8803573225e-01,-5.9411117539e+01
268,-5.8758793398e-01,1.0609477425e-01,-1.7293087074e+01
269,9.4416660959e-02,7.6934850845e-02,1.2820016018e+01
270,-2.3460431303e-01,1.0937395252e-01,3.3593913339e+01
271,-1.8479730545e-01,-1.6597389841e-01,3.3995151488e+01
272,-5.8388778875e-01,8.4768079907e-02,-2.9034897197e+01
273,-4.5362501589e-01,-5.5257189956e-01,-4.7971223964e+01
274,-1.9984468361e-01,1.0702200823e-01,3.2100297764e+01
275,-4.9231046720e-01,3.4462461106e-03,-3.2834261136e+01
276,-1.0072075837e-01,1.5734381080e-01,-2.7407322331e+00
277,1.5067228367e-01,5.9878618828e-01,5.5961617660e+01
278,-3.5944814466e-01,3.3051659533e-01,4.9937084491e+01
279,-2.8622329708e-01,-2.8356469741e-01,3.3578837432e+01
280,1.9554361962e-01,-3.5476851613e-01,2.0321333373e+01
281,1.3957958829e-01,-5.0546502308e-01,-1.3009186088e+01
282,-1.2052448615e-02,-8.0076873976e-02,1.7362579946e+01
283,4.4612624838e-02,4.5745713552e-01,6.2803564143e+01
284,-2.3141053402e-01,-5.4383532161e-01,-5.6660408952e+01
285,-1.2154654115e-01,-3.5071372287e-01,-2.2330415049e+01
286,-3.4274411613e-01,1.6400804248e-02,-5.5572082086e+01
287,-4.4050357232e-02,-2.4682522166e-01,5.8485928786e+01
288,-3.6675077998e-02,3.4141959514e-01,4.0232949979e+01
289,-5.1231681982e-01,-4.7390575603e-01,-4.7821437063e+01
290,5.8324597835e-01,-1.7638008613e-01,-1.7692231908e+01
291,4.5420878735e-03,1.7073745731e-01,-2.3909234563e+01
292,-1.4680731437e-01,2.1741410176e-01,-2.7708070670e+00
293,2.9538618136e-01,-4.3690318880e-01,4.0547045803e+00
294,-2.1509164077e-02,4.8539583007e-01,3.9452458306e+01
295,-2.9306453349e-01,1.7693446690e-01,5.1526250656e+01
296,4.1153721343e-01,3.3350020338e-01,2.3908430790e+01
297,-2.3908834494e-01,-3.5447413557e-01,-1.9133909435e+01
298,-5.5899181115e-01,-3.0187870363e-01,-3.7933559573e+01
299,1.9388902487e-01,-2.0905950816e-01,-1.4269423681e+01
300,3.2657269112e-01,-4.8121754571e-02,1.0617282357e+01
301,2.4890963233e-01,-1.4000199970e-01,3.7369095702e+01
302,-7.8260023969e-03,7.9639201050e-02,5.2276330281e+01
303,1.0194013843e-01,1.2525762599e-01,4.0288617684e+01
304,2.8340690417e-01,1.8848095863e-01,2.7447046833e+01
305,-5.8175423349e-01,5.1145096091e-01,6.2368631940e+01
306,-2.9686340805e-01,-3.5807666513e-01,1.8967859042e+00
307,5.5481196926e-01,-2.3654852142e-01,-5.7249402923e+01
308,-5.5074074183e-01,4.1723005524e-01,3.2133065092e+01
309,-1.4659217448e-01,-1.4214200983e-01,6.2786902445e+01
310,-4.1173225579e-01,-4.2508058384e-01,-6.5654362032e+01
311,2.3272563929e-01,2.5492898514e-01,1.7092991318e+01
312,3.3856715890e-01,3.6776964126e-02,-2.7332409008e+01
313,-3.1734125721e-01,2.5812809114e-01,-1.3414454065e+01
314,2.7619651477e-01,3.1300916518e-01,5.8533835610e+01
315,-5.9480515130e-01,-2.8721014577e-02,1.7613815388e+01
316,1.9301679011e-01,-1.2525628357e-01,-1.8385337649e+01
317,2.3408165299e-01,-1.6235261423e-02,5.3953035083e+01
318,-1.6722583658e-01,4.4959197796e-01,-2.3601990474e+01
319,-9.5878970623e-02,1.0822574022e-01,-2.8839377857e+01
320,-3.0060559365e-01,-1.3755178783e-01,-1.3015592666e+01
321,-3.4511590623e-01,-3.1959891284e-01,-1.0876145138e+01
322,5.2325403774e-02,3.7948339184e-01,3.0874324268e+00
323,2.5289655654e-01,2.5288297315e-01,2.9430465577e+01
324,-3.2527691325e-01,-3.4842559885e-01,-6.6248274851e+01
325,3.0560535762e-02,3.0052804859e-01,-5.1357707307e+01
326,1.8990436349e-01,4.0581179998e-01,3.1516166659e+01
327,3.6190710022e-01,7.7738475087e-02,5.7004565760e+01
328,1.1045428541e-01,5.5638142543e-02,2.9008384945e+01
329,7.4680478033e-02,-4.6116109411e-02,6.7459652352e+01
330,3.4246379529e-01,-9.4725103778e-02,4.9406770761e+01
331,-4.0623253518e-02,-5.2434616402e-02,1.9617037465e+01
332,-2.7293160915e-01,3.0693790632e-02,4.9438427703e+01
333,-3.2399363395e-01,2.6689762989e-02,5.3221863101e+01
334,2.8919949971e-01,-2.8208196872e-01,-3.1634682458e+01
335,-3.9148401711e-02,-4.8497023622e-01,1.2348952373e+01
336,9.1493334281e-02,-9.7762568659e-02,-6.9973906831e+01
337,1.7188842951e-01,-7.5571649753e-02,-4.2406081548e+01
338,3.5777285631e-01,3.3174126768e-01,-2.2093330401e+01
339,-3.8040287470e-01,6.2564176091e-02,4.8028534410e+01
340,-2.6555773837e-01,-3.2028803366e-01,1.4374153206e+01
341,3.3341175672e-01,1.1180418006e-01,6.8131691172e+01
342,-3.5700980804e-01,-5.0219074642e-01,-5.6973780115e+01
343,5.8199511605e-01,2.1410171502e-01,4.7290304675e+01
344,-3.9716649833e-01,-3.0515991479e-01,2.2947701823e+01
345,1.2562790756e-02,-4.8378404497e-01,-3.9182814323e+01
346,-4.5327693791e-01,3.6352989938e-01,2.3526177973e+00
347,3.0675871626e-01,-2.8104416591e-01,-4.7550749394e+01
348,-3.5617906442e-01,1.6930674447e-01,-1.7773549285e+01
349,-3.4508466649e-01,-3.8415490505e-01,-6.5287044446e+00
350,-3.6413749246e-01,-3.7122460650e-01,2.2604136475e+01
351,-4.8865930912e-01,3.4042364727e-01,2.8213512449e+01
352,3.6798632068e-01,-3.7626791912e-01,-1.2253715666e+01
353,1.8752819792e-01,2.3533135437e-01,-2.5741403279e+01
354,-3.9535713973e-01,1.5213748206e-01,5.5558697521e+01
355,4.2309203078e-01,3.6035605038e-01,3.3800169773e+01
356,4.1136479749e-01,2.4553138369e-01,-4.4412671767e+00
357,-2.7469797717e-01,1.4319304103e-01,4.7280605934e+01
358,-2.2272118561e-01,-6.0828101398e-03,-3.7001946026e+01
359,-4.7242993828e-01,5.5202704081e-01,3.2837862181e+00
360,-4.1233670460e-01,5.2362123276e-01,1.8453643862e+01
361,9.0879619910e-02,1.1865889657e-01,-1.7262038348e+01
362,-3.6329809982e-01,-3.9198161637e-02,8.8903710946e+00
363,-3.9948653657e-01,-1.0802245374e-01,-2.8456590868e+01
364,4.0946191156e-01,-1.6191152643e-01,2.6216497321e+01
365,-3.3169084006e-01,-4.1082451874e-01,1.8124407422e+01
366,-1.7022748556e-01,1.7692289619e-01,6.0836653418e+01
367,2.4426997227e-01,2.3908980632e-01,-8.3057800018e+00
368,-5.0338098856e-01,4.0348600961e-01,6.8349613839e+01
369,5.3979736826e-02,-5.6094202545e-01,3.0756892124e+01
370,5.4006072908e-01,8.9962613725e-02,1.1191583338e+01
371,-6.0278601797e-02,-2.3311724922e-01,-2.0091884687e+01
372,2.7061284073e-01,1.2122615918e-02,-4.1567863711e+01
373,-5.7378753957e-01,-3.6830877202e-01,-3.7068965799e+01
374,-7.1474880967e-02,5.7188866741e-01,5.3215075752e+01
375,-4.5432405033e-01,-5.8464978067e-01,-6.2013359876e+01
376,-2.6798075616e-01,1.1265167246e-01,4.2177003994e+01
377,-5.7001968620e-01,-3.6812496211e-01,-1.7943646798e+01
378,-6.8673440895e-02,6.5277032913e-02,-4.7830175299e+01
379,4.8288829848e-01,-4.3376441489e-01,-5.4111227957e+01
380,1.2664190278e-01,-2.9842871456e-01,2.7016120515e+01
381,1.6103472499e-02,2.6439678251e-01,-5.0947115566e+01
382,1.4010967519e-01,5.9810899839e-01,2.5941601329e+01
383,-3.4158747240e-01,-5.9758962639e-01,-4.8409209195e+01
384,1.4775111928e-01,4.6598128497e-01,5.7919561100e+01
385,3.1976887387e-01,3.2106904297e-01,6.7817876902e+01
386,3.2571895511e-01,6.6660662864e-02,5.2978177567e+01
387,1.4367802111e-01,1.7586356194e-01,-1.5971215412e+01
388,-4.4165068933e-02,-5.3939701276e-01,-4.7876260117e+00
389,-4.1308570579e-01,-3.5349705474e-01,-2.6055389926e+01
390,-5.9604986153e-01,-1.2819676557e-01,-3.6693923362e+01
391,7.6412377883e-02,4.4124092619e-01,-1.1500481169e+01
392,-2.1128260953e-01,4.6026137034e-01,-2.2957055979e+01
393,2.2715232501e-01,2.8225080828e-01,6.0938518516e+01
394,-1.7286018054e-01,3.7511269148e-01,-2.1345674514e+01
395,7.1245037755e-03,1.3736983415e-01,-1.0990201972e+01
396,-1.8275849095e-01,5.3972357829e-02,1.7909976842e+01
397,-1.7246653506e-01,-2.3995324588e-01,-1.0406503758e+01
398,-4.0634068567e-01,-7.6818395949e-02,-3.8883897390e+01
399,4.3803441968e-01,-3.6072412420e-02,-4.6181016264e+01
400,4.3556758853e-01,-1.4117014533e-01,1.6643598791e+01
401,-1.7219465036e-01,1.5401263475e-01,1.9959124068e+01
402,-1.2403163083e-01,2.9801113496e-01,1.9445303682e+01
403,2.6719713689e-01,-3.1142555461e-01,-2.0722441009e+01
404,-1.0697184952e-01,3.0445225793e-01,-1.4515085887e+01
405,-5.7231367161e-02,5.4970219198e-01,-3.2897836400e+01
406,-5.5861170093e-02,5.9628696512e-01,4.0511451858e+01
407,2.7293512841e-02,-3.8273608911e-01,3.0273488146e+01
408,-1.6013234315e-01,5.9339457676e-01,2.6801259805e+01
409,-4.1281669444e-02,3.8560613895e-01,5.4154552330e+01
410,4.1529526724e-01,-4.7019985077e-01,-9.9175247565e+00
411,4.0346842929e-01,1.6255480162e-01,3.6106677916e+01
412,-2.7633651732e-01,1.5210931544e-01,2.0167039720e+01
413,2.2490949749e-01,-1.9988497106e-01,5.1842490175e+00
414,-1.0711023576e-01,-2.0552953669e-01,-8.8919023118e-01
415,2.8936468031e-01,-1.3955737560e-01,-3.9626025246e+01
416,2.7347399760e-01,-2.5824893872e-01,3.3501392832e+01
417,4.1033079060e-01,-2.9009348856e-01,-4.4927218625e+01
418,-8.0065379862e-02,-5.0513268532e-01,-5.7354007226e+01
419,3.3465756939e-01,-1.8486054794e-02,-5.4705702129e+01
420,3.0886319115e-01,5.3765551384e-01,2.9080812327e+01
421,3.1215924989e-01,-5.1844745318e-01,3.1635367559e+00
422,-4.6240501182e-01,-6.1453984449e-02,1.4793865423e+01
423,-5.6979897509e-01,-5.9961089436e-02,2.5499921510e-01
424,2.1074969212e-01,-4.9251903219e-01,1.1885575877e+01
425,4.9604620194e-01,5.4103709473e-01,4.2309798695e+01
426,-5.8975864685e-01,4.2410515664e-01,2.2086317313e+01
427,-5.2630072786e-02,-1.0671183388e-01,3.3121288478e+01
428,1.8885644143e-01,-1.2391856076e-02,1.0946261858e+01
429,-2.8588444770e-02,1.9689143387e-02,-1.9633459542e+01
430,-3.5989754735e-01,2.5754838683e-01,-1.4523155675e+01
431,4.3973064583e-01,4.2233210482e-02,-4.9251156722e+00
432,-1.5409056099e-01,5.2272978325e-01,4.2276250625e+01
433,-2.1848198665e-01,-3.0513807308e-01,-1.6115469282e+01
434,-4.1969448021e-01,2.0946708341e-01,-2.8658455001e+00
435,2.0857077310e-01,9.8711059921e-02,4.7335990086e+01
436,1.1248996718e-01,-4.4364485054e-01,4.0277002198e+01
437,-1.7302825296e-01,1.6280059587e-01,1.7215290674e+01
438,5.8312747643e-01,5.9233668398e-01,6.5783430818e+01
439,-2.5701037904e-01,-4.3095205012e-01,-5.9078732048e+01
440,5.4416227010e-01,1.3377999127e-01,3.8619808591e+01
441,1.2887312353e-01,-3.5977985062e-01,-5.6545327340e+01
442,-5.4582666389e-01,-2.7809750256e-01,-2.2516187473e+01
443,-1.3893078592e-01,-2.2856731194e-01,-2.1079037575e+01
444,1.2147706448e-01,3.0172231661e-01,-4.6391362761e+01
445,3.0666594367e-01,-4.0367346220e-01,-3.9936037469e+01
446,-1.9079119984e-01,-9.8005538793e-02,-6.6532579369e+01
447,2.8076419377e-01,5.2273031311e-01,2.7898299561e+01
448,4.9079525363e-01,-3.3561859332e-01,-2.1059995512e+01
449,1.4577549857e-01,2.6961130116e-01,2.4677270352e+01
450,7.1542580859e-02,-5.2630554339e-01,-3.8125262570e+01
451,-1.8921372182e-01,2.3395685299e-01,-2.2519152047e+01
452,2.8803741650e-01,-3.1566702633e-01,-5.1640905118e+01
453,-3.7698464092e-01,3.3738302996e-01,-2.2591674042e+01
454,1.7905809504e-01,-5.4933308929e-01,-1.0396537397e+01
455,-2.4539278032e-01,-2.4208531475e-01,-1.0836034921e+01
456,-6.3420398495e-02,5.9715744068e-01,-3.0111689661e+01
457,5.0017840740e-01,3.8262465760e-01,4.4424216677e+00
458,-2.1297216990e-01,-3.1410930395e-01,-1.3191579058e+01
459,-3.3786438162e-01,2.1205786760e-01,1.5805778888e+01
460,1.3677916726e-01,4.2871698798e-01,6.8981808106e+01
461,-6.2536171279e-03,8.8723465503e-02,-8.4875104785e+00
462,-1.4159308801e-02,3.7934057487e-01,6.1626404989e+01
463,-1.4086487329e-01,-1.2874291000e-01,5.8292079216e+01
464,-1.8410808238e-01,-1.5875097270e-01,-5.0513281843e+01
465,-3.7408511199e-01,4.5711231154e-01,1.1806377169e-01
466,-1.2421752540e-01,4.7297821790e-01,-3.8600702100e+01
467,-4.4287587772e-01,-1.0084360662e-01,4.1030851763e+01
468,2.5909278983e-01,5.1212955488e-01,3.2923528301e+01
469,-4.3358773013e-02,-5.9404424547e-01,-6.1693209004e+01
470,1.4344553922e-01,5.3375076316e-01,-9.3751353696e+00
471,-5.4546541548e-01,-8.1111515578e-02,2.1794934637e+01
472,2.4660927713e-01,5.5173976795e-01,4.3149594311e+00
473,1.6831131530e-01,2.0276734618e-01,-5.0114055757e+01
474,4.4035337572e-02,-3.5235481485e-01,-2.7529410574e+01
475,-2.8760664687e-01,-1.1230962448e-01,-1.6975728271e+01
476,-2.1221849802e-01,-3.7187612725e-01,-6.5102036887e+00
477,-2.4217555837e-01,-2.1388219250e-01,4.8113258661e+01
478,1.7376679765e-01,3.3514696090e-01,1.4319574574e+01
479,2.9087699234e-01,6.4319546335e-02,5.9342597075e-01
480,-4.8239875655e-01,-5.1007082321e-01,-6.0059711942e+01
481,4.1096909835e-01,-4.3125352418e-01,-5.5720563223e+01
482,-3.6554144526e-01,-1.9688767138e-01,-5.9662142200e+01
483,2.4177740046e-01,2.0745007492e-01,-5.1839606331e+01
484,3.1002653908e-01,-2.4739343433e-01,1.7608117766e+01
485,-1.5511402285e-01,-2.3516308373e-01,-6.6514734038e+00
486,-2.1693141526e-01,3.5351609698e-01,3.9252086306e+01
487,-1.3319459826e-01,3.1681935442e-01,2.2951663452e+01
488,1.9108467282e-01,1.8795535512e-01,1.6866238231e+01
489,1.2312356985e-01,3.1304445271e-01,-5.3689225198e+01
490,4.0361598518e-01,-4.0738846048e-01,-4.2109742703e+01
491,2.2881932285e-01,-2.8811476440e-01,-3.6947951869e+01
492,-4.8895602535e-01,4.4889392618e-01,1.5383233795e+01
493,5.8845544249e-01,-5.4148297680e-02,6.0038577871e+00
494,2.2618306865e-01,1.8497724501e-01,4.0570522083e+01
495,4.6885472443e-01,1.4144692431e-02,-2.6662548775e+01
496,-3.6281142982e-01,5.1132679395e-01,-4.7431738582e+00
497,-4.3164398509e-02,9.9881776718e-02,-3.7853849823e+01
498,-1.6051548082e-01,-4.6130162502e-01,3.2671664599e+01
499,-3.6256726455e-01,-3.7601870252e-01,1.2354502832e+01
500,5.3028731325e-01,-1.8193765494e-01,-4.7871573021e+01
501,6.6129069064e-02,4.9377797162e-01,1.0456807597e+01
502,-1.4483455762e-01,-4.5347032100e-01,-3.9094684839e+00
503,3.8564147516e-01,1.3064022831e-01,-3.3375484269e+00
504,3.0266624193e-02,-5.3514529994e-01,3.5762421671e+01
505,2.7627520436e-01,-4.9620417299e-01,-1.1944900458e+01
506,2.7452899385e-01,1.0079147127e-01,2.7337971071e+01
507,4.2018745552e-01,-3.5442021190e-01,-5.2209366579e+01
508,5.3427921320e-02,-2.8086919826e-01,4.1000102802e+01
509,4.1608032970e-01,-2.3402592563e-01,3.6198983709e+00
510,4.8501716230e-01,7.0324196931e-03,-3.5314132070e+01
511,-1.6744562453e-01,4.5361954797e-01,-6.7488106103e+00
512,4.6521782178e-01,4.1564047135e-01,1.8570508942e+01
513,-1.0476942658e-01,4.5883259076e-01,-3.5429050950e+01
514,-2.5047198557e-01,3.5377614546e-01,6.8679898727e+01
515,2.4304532627e-01,-1.8719332494e-01,-4.4178995808e+01
516,2.9397141181e-01,1.0177983775e-01,-2.3202883920e+01
517,-2.0430978456e-01,-3.3670297619e-01,-1.4231510915e+01
518,5.5819487473e-01,4.2553820801e-01,5.0562346943e+01
519,-2.5587993971e-01,-3.9758181867e-01,-3.1047268427e+01
520,3.1849162848e-01,-1.7944019832e-01,-3.8973450055e+01
521,2.2579500227e-01,-5.4331579252e-01,-5.2264392221e+01
522,-2.0834635927e-01,7.2725391685e-02,3.6483256159e+01
523,-3.2120521683e-01,-8.3661753171e-02,9.1256131865e+00
524,1.1656251090e-01,-4.4535321368e-01,-6.3072147663e+00
525,-7.6683282223e-02,-4.9358183567e-02,6.8382306698e+01
526,-2.0331354907e-01,-8.7412817391e-02,5.9230070714e+01
527,2.3010441623e-01,2.7427548696e-01,-3.7074321170e+01
528,2.6496915296e-01,-1.7454423532e-01,1.7786016351e+00
529,4.6981196213e-01,5.3315381708e-01,6.5797215868e+01
530,-5.9203796085e-01,1.1011343280e-01,-2.6411490523e+01
531,3.0987134981e-01,1.2287645818e-01,-1.3559269607e+01
532,-5.1511562343e-01,2.0937263543e-01,3.2243323683e+01
533,5.6328284395e-01,4.7341721983e-01,3.4886957196e+01
534,3.0086148016e-02,-3.1023423730e-01,3.2787380827e+01
535,4.1750516464e-01,-2.5459836459e-01,9.6441545343e+00
536,-1.3351161551e-01,-3.9071440107e-02,7.2355198329e+00
537,-5.6739972142e-01,1.3642450680e-01,-2.9364489063e+01
538,4.4986379080e-01,1.6958334937e-01,5.1641077450e+01
539,2.7769446672e-01,4.4505249286e-01,-1.0237296120e+01
540,-2.6141435065e-01,-5.0997230140e-01,-1.9944832728e+01
541,2.9137259908e-01,4.5555836385e-01,4.1317544112e+01
542,5.7037810474e-01,2.4298962666e-01,3.1463962312e+01
543,-5.9601822007e-01,-5.9626547109e-01,-2.5402785182e+01
544,-2.8455599324e-01,-2.2989517993e-01,-6.6683681899e+01
545,-2.8427217517e-02,9.1478225936e-02,4.9115627286e+01
546,-4.2545581416e-01,-4.4578305765e-02,-4.8853478840e+01
547,2.1936926858e-01,5.3703475496e-01,1.4342382444e+01
548,2.0447795372e-01,-3.7180649017e-01,1.2702431271e+01
549,-3.5706491236e-01,1.2393490264e-01,-1.1336774434e+01
550,4.2958490498e-01,-5.0634388727e-02,3.7911113297e-01
551,-4.0246835106e-01,1.2385387385e-01,4.9983099663e+01
552,7.8239950324e-02,2.9956607607e-01,-5.7880193410e+01
553,-5.7050155610e-01,4.3968457222e-02,-2.8764829549e+01
554,4.1794026535e-01,-3.6636548979e-01,-2.1581294368e+01
555,1.6369960880e-01,-2.8376051864e-01,-2.0852162737e+00
556,3.9631054527e-01,4.8148804216e-01,5.7852438504e+00
557,2.5758356705e-01,-1.7562063852e-01,-3.1899830200e+01
558,-5.1170649938e-01,3.3664975889e-01,3.8793311746e+01
559,-1.5232926864e-02,4.1852357037e-01,5.1280606837e+01
560,-2.3448540722e-01,1.1215141200e-01,-3.1395277033e-01
561,2.8903488249e-03,2.2770523032e-01,-5.5355237056e+01
562,4.7261165277e-02,8.9197515762e-02,-4.9751975864e+01
563,-4.7507656804e-01,5.4161861663e-01,1.8186749771e+01
564,-2.6879170851e-01,4.7706592542e-01,4.0076965639e+01
565,-5.7408553964e-01,-3.5656098500e-01,-5.1913333695e+01
566,1.2620242214e-01,1.6026964492e-01,6.9641025892e+01
567,-5.2089924769e-01,-1.6149780849e-01,-2.0458694538e+01
568,-9.7431386406e-02,-1.8766457907e-01,6.9945207351e+01
569,2.3690037321e-03,-9.5267062694e-03,4.7748320857e+01
570,-5.6029674355e-01,2.0714148015e-01,-1.6750503339e+01
571,-3.4119080703e-01,-2.9628687427e-02,1.1160335994e+00
572,3.4121784790e-01,-2.8862177243e-01,-1.6879343143e+00
573,8.6024842565e-04,5.2723689368e-01,5.1611335290e+01
574,-2.4396436436e-01,-4.5706859813e-01,-4.9534229988e+01
575,-1.6131351427e-01,5.1919785200e-01,1.7780752696e+01
576,3.0986310683e-01,-2.3412298224e-01,-3.3247916457e+01
577,-5.5892118624e-02,2.0699203275e-01,-1.1999038764e+01
578,-4.6291812849e-01,-5.2911266780e-01,-4.2158000194e+00
579,4.7258935058e-01,-1.0703191151e-01,1.2272915228e+01
580,-2.6012841319e-01,-5.0152413650e-01,2.7327092817e+00
581,7.4974982217e-02,-2.2170276091e-01,-1.8978502036e+01
582,2.5738563179e-01,-2.7355995001e-01,-6.4335275119e+01
583,-1.6531407162e-01,-5.7306576929e-01,-5.2275357164e+01
584,2.2358753620e-02,-2.6142723502e-01,1.7358736545e+01
585,4.0764887706e-01,-1.7252750575e-01,1.4842487790e+01
586,-2.8405858670e-02,-4.8264935517e-01,-5.8747216251e+01
587,-1.5646593233e-01,-2.2715403827e-01,-3.7118149076e+01
588,2.0889580703e-01,2.0550077226e-01,4.4048360783e+01
589,-4.8146922040e-01,1.1218437021e-01,3.6372216720e+01
590,2.1584144660e-01,5.3714129186e-01,3.5229811947e+01
591,2.8634021377e-01,5.6506467981e-01,6.6066397275e+01
592,-6.9905022316e-02,1.8985187162e-01,2.0170488611e+01
593,-3.2529764518e-01,-3.5265041475e-03,1.2381523924e+00
594,1.6411413434e-02,-5.0746511311e-01,4.4471565361e+01
595,-5.4315705897e-01,1.9496631056e-01,6.9527633043e+00
596,-3.5838916764e-01,2.3283407288e-01,3.7466624399e+01
597,7.1136556980e-02,1.6058385508e-01,-4.4776063340e+01
598,-3.7432192657e-01,-4.1273369474e-01,1.8207904562e+00
599,-5.0748398181e-02,2.5428104153e-01,-2.2952154333e+00
600,-2.0752786431e-02,3.0777156151e-01,-2.1489114134e+00
601,-3.4089874305e-01,-3.7166901848e-01,2.7304620004e+00
602,3.5576618154e-02,-4.3187548503e-01,1.5958644656e+01
603,4.0458413357e-01,4.5985502126e-01,1.4758537885e+01
604,-3.7810790529e-02,-1.1221204002e-01,-4.9851552634e+01
605,-2.8827922507e-01,-4.2394067303e-01,-3.5912786150e+01
606,9.6573194227e-03,-9.3289467103e-02,-4.4879224392e+01
607,-4.8965744448e-01,-3.9153639705e-01,-3.1461066162e+00
608,-2.3007578768e-01,-5.0874850910e-01,-1.2671188587e+01
609,5.6608255513e-02,1.0021928310e-01,6.6523409117e+01
610,2.9398191347e-01,5.8159341026e-01,2.4525787041e+01
611,1.1108292294e-01,2.5539327040e-03,1.1882166628e+01
612,2.1926481025e-03,-3.8473567496e-01,-3.0099523267e+01
613,-1.7718859074e-01,-2.6704797696e-01,5.4205860691e+01
614,3.3279250108e-01,-4.7533477282e-01,-5.2638179493e+01
615,-1.4196479423e-01,-3.4179598023e-01,-2.2535524573e-01
616,8.1878170608e-02,-2.4435977926e-01,-3.9704315867e+01
617,2.3329879619e-02,-2.4893900241e-01,7.5351901554e+00
618,-9.5003455963e-02,-2.5829922089e-01,-4.2523599346e+01
619,-1.7115377343e-01,3.0244597395e-01,4.0165058110e-01
620,-4.4435466578e-02,7.4150932932e-02,-6.5644732112e+01
621,4.7821501682e-01,3.3062826331e-01,-6.8106151704e-01
622,-2.2814666393e-01,-4.5096260608e-01,1.9108403089e+01
623,-1.1778412420e-01,1.6728007844e-01,-2.6157357635e+01
624,7.0948867633e-02,5.4124198655e-01,-1.2730031209e+01
625,2.8372566473e-01,1.8835672966e-01,6.3986034960e+00
626,3.5951141665e-01,1.0986410853e-01,8.3586306973e+00
627,1.1940747268e-01,1.9187718232e-01,-4.1010593628e+01
628,-2.6704082243e-01,1.8605037965e-01,5.6799050878e+00
629,-4.0524999111e-01,6.8299168855e-02,1.9818288398e+01
630,4.8490431938e-01,4.7370919816e-03,9.4478134987e+00
631,5.9849353259e-01,3.9141411792e-02,-1.8493765497e+01
632,-9.6807281051e-02,3.0999080902e-01,-1.5629543171e+01
633,-4.9124471485e-02,1.2741126177e-01,5.0735503300e+01
634,8.2685691678e-03,4.8257753313e-01,-2.8164290033e+01
635,4.5168286747e-01,-1.9134156811e-01,2.4811704516e-01
636,2.5854826840e-01,-9.5592356368e-02,4.8714035113e+01
637,-2.6554490825e-01,1.3715244243e-01,-1.7675489466e+01
638,2.1546906275e-01,7.7393801434e-02,-1.6094230787e+01
639,-5.6103290676e-01,-3.5580006051e-01,-2.2798074679e+01
640,-4.4605543061e-01,-5.2817364022e-02,-4.8964221920e+01
641,-3.5026485582e-01,3.9808346920e-01,-7.4722151053e+00
642,4.5636962351e-01,-1.8080845036e-01,-6.6028695729e+00
643,1.8295660132e-01,-3.0005742684e-01,-1.6616187300e+01
644,4.6823603459e-02,-2.3933134057e-01,-3.7842794161e+01
645,4.8135613046e-01,2.9704124296e-01,5.0218388638e+01
646,1.6706776789e-01,3.6926112666e-01,5.0824455795e+01
647,-1.1630941135e-01,-5.1170191470e-01,8.7805248369e+00
648,1.3585060365e-01,-4.7449180660e-02,2.9423197078e+01
649,4.9873377382e-01,4.9810744478e-01,5.7537182328e+01
650,3.3338193836e-01,-5.4458348056e-01,-4.7535837195e+01
651,-9.8367615197e-02,-1.7122511726e-01,-5.2170706209e+01
652,-7.9767127832e-02,-3.1166864885e-02,-4.2232177148e+01
653,-1.4691328067e-01,-1.8942767367e-01,1.2791901543e+01
654,-1.5444987656e-01,1.6820655547e-01,-5.9732009750e+01
655,-2.8065412930e-01,3.5122644548e-01,3.2736020228e+01
656,-1.8533568497e-01,5.1797317928e-02,-6.3013609792e+01
657,5.8824500105e-01,-2.9974058816e-01,-6.6408652610e+01
658,-4.3847420561e-01,4.0859621298e-01,6.5281397596e+01
659,-1.8671301655e-01,4.5069788154e-02,-2.0541605239e+01
660,3.2647327547e-01,-3.4850090497e-01,8.3141736498e+00
661,-4.1169530744e-01,9.6016668207e-02,-2.3913376236e+00
662,7.6846559285e-02,1.1341441230e-01,6.1904020980e+01
663,-2.6436457403e-01,1.4377756629e-01,7.9952596086e+00
664,-5.7550286980e-01,-3.5208093731e-01,-2.4827909327e+01
665,-1.7583513118e-01,-2.2774842648e-01,2.0280499582e+01
666,-1.9646793509e-01,3.3000021444e-01,-1.1127392749e+01
667,-1.2031951623e-01,4.1416311665e-01,6.3751816183e+01
668,4.9855081598e-01,-2.1090459595e-01,1.1928530548e+01
669,3.8673305969e-01,-1.2740050873e-01,1.8765257372e+01
670,-2.3498343561e-02,-4.8931431490e-01,1.9794249681e+01
671,5.4113718892e-01,1.8458233149e-02,-1.5679558612e+01
672,4.3626767073e-01,-3.9494172427e-01,-5.4579465791e+00
673,3.1692488966e-01,4.4803345398e-01,2.5601650630e+01
674,1.6582945455e-01,-2.7069444711e-01,-3.6562217382e+01
675,-7.9108042736e-02,7.5893636853e-02,2.5593646827e+01
676,-4.3502456986e-01,1.9089972745e-01,5.1981927361e+01
677,4.0520010320e-01,-2.8242437458e-01,-1.8575602304e+01
678,3.2273697393e-01,5.7689423262e-01,1.0621377441e+01
679,-3.0691833023e-01,-3.3319311780e-01,1.4602363401e+01
680,3.7840319745e-01,1.4331818753e-01,5.5246686237e+01
681,-2.9625457380e-02,-1.3839657599e-01,5.2840517970e+01
682,-2.2510156191e-01,3.8639832710e-01,-3.3562207498e+01
683,-1.7568481142e-01,-3.6186948813e-02,6.5598729239e+01
684,-2.7340569526e-01,2.3054746508e-01,-1.7887649156e+01
685,3.2647698979e-01,3.3052450692e-01,1.5353732056e+01
686,-4.6774040281e-01,5.6530291212e-01,6.9052425346e+01
687,1.1586135884e-01,-3.9066950549e-01,-1.2994980799e+01
688,2.2625825583e-01,-3.9333102075e-02,1.9862682782e+01
689,1.8165580043e-01,5.6678182104e-01,6.8362700761e+01
690,-3.6979562588e-01,5.6919004314e-01,1.8100972494e+01
691,-3.7296732858e-01,-4.8068577015e-02,4.0307440734e+01
692,-3.9624458290e-01,5.6300128163e-01,2.0847830372e+01
693,2.3730083503e-01,-1.9789645498e-01,-3.4851109548e+01
694,-1.8211223381e-02,-4.9092030864e-02,-5.8839462936e+01
695,4.3543749361e-01,7.6809060849e-02,4.5262955854e+01
696,4.4693595196e-01,-3.1294429137e-01,1.3072719005e+01
697,4.3370562751e-01,5.7848237430e-01,5.5996008082e+01
698,-1.2620542594e-01,4.7380717947e-01,5.1818547321e+01
699,4.5331598892e-01,-3.7204514597e-01,-1.9659327181e+01
700,-2.5586473264e-01,-1.7227982213e-02,4.3323275870e+01
701,-5.9777916242e-02,-2.2849266845e-01,6.7737330548e+01
702,4.7779983719e-01,-4.1387227822e-01,-2.5743309257e+01
703,1.0817656686e-01,2.2855335274e-01,-3.0857311017e+01
704,-5.4499433478e-01,-5.1162229825e-01,-4.4475755809e+01
705,-7.7951857487e-03,-4.5919810251e-01,7.7482495867e+00
706,-4.6080775849e-01,4.7774561448e-01,5.6187351561e+01
707,2.2850365125e-01,6.6063162178e-02,7.5983759149e+00
708,1.1414919124e-01,-9.6427371933e-02,-6.4542232938e+01
709,6.7283367501e-02,2.9003836009e-01,2.5588736144e+00
710,-4.1155090299e-01,3.4318081128e-01,5.4592148519e+01
711,2.1121193195e-02,-5.3034683639e-01,3.4499762902e+01
712,3.1656982220e-03,-8.5444078829e-03,4.7142961908e+01
713,-2.7094052255e-01,8.1129380565e-02,-5.1585546614e+01
714,1.6671498519e-02,4.4766189068e-01,-9.9464622131e+00
715,-6.4185834488e-02,-3.9539136783e-01,5.0183850971e+01
716,-2.9707114675e-01,4.2163428032e-01,-2.3170108825e+01
717,4.5139352435e-01,-6.9748765109e-02,2.9755477337e+01
718,1.9198680913e-01,-2.6705939355e-01,-1.2001652165e+00
719,3.5883636825e-01,-1.9514815502e-02,-5.5458145300e+01
720,3.1022137634e-01,-5.1483206773e-01,1.0161256423e+01
721,-4.1934048796e-01,4.9640791256e-02,-4.5022636622e+01
722,-1.9375699475e-01,4.7664909047e-01,2.4348087215e+01
723,1.6552515880e-01,-4.9904162035e-02,3.7946707665e+01
724,2.3431973112e-01,2.1432428388e-01,-5.4397001276e+01
725,4.8526233237e-01,3.5477583470e-01,-1.0501452138e+01
726,-8.5432624830e-02,3.9105266111e-01,6.2951536175e+01
727,4.1733309113e-01,-1.0095718774e-01,1.2233858852e+01
728,-2.2350675126e-01,4.2852489977e-01,3.9875760213e+01
729,-3.1211843454e-01,-1.2137934345e-01,-4.8796921154e+01
730,4.2799475638e-01,-3.9369670612e-01,-3.2607526218e+01
731,1.1778773380e-02,1.4992762380e-02,6.4838297458e+01
732,-1.0445024296e-01,-2.5455829781e-01,-6.1101697325e+01
733,-3.0056090418e-01,-3.6904005506e-01,1.3219266859e+01
734,-5.9110834181e-01,-3.5781457673e-01,-6.8068140424e+01
735,2.2489436999e-01,4.2398510133e-01,5.6326574825e+01
736,-2.0144991355e-01,-4.0214768191e-01,4.8589071643e+00
737,-4.4807617554e-01,2.5124868887e-01,5.2273058947e+00
738,-7.2661848335e-02,-4.0340018015e-01,2.7619083740e+01
739,-2.3140207821e-01,-1.9829477238e-01,2.3399589313e+01
740,-2.0622135350e-01,4.1150646467e-01,1.4235075949e+01
741,-1.0060003437e-01,5.3639655362e-01,-5.3874462426e+00
742,7.4062819213e-02,1.4569404888e-01,-4.3469063894e+01
743,-1.1927247388e-01,4.6737264643e-01,1.1131646368e+01
744,-9.8057700894e-02,4.1162266025e-02,6.1466563402e+01
745,-3.7084557827e-02,3.7541932996e-01,-2.8129871073e+01
746,2.6224671878e-01,2.0985375845e-01,-5.5333071927e+00
747,-8.0014952168e-02,9.0741028663e-02,-5.8057695621e+01
748,1.6813366501e-01,-3.4280978841e-02,1.8222958587e+01
749,5.9691371052e-01,-5.4488598956e-01,-3.1856956019e+01
750,1.7904913325e-01,-1.1457174456e-01,6.2974277705e+01
751,3.1194739820e-02,-5.1133138250e-01,-1.1731789585e+01
752,-2.2931545903e-01,-1.8259886594e-01,9.1708424055e+00
753,3.9435988635e-01,2.9274367253e-01,-4.1774582464e-01
754,2.1059831795e-04,-5.2572769804e-01,-1.4044043234e+01
755,5.2735528954e-01,-4.3919633754e-01,-7.5401561746e+00
756,-1.7926276687e-01,-1.0221251728e-01,-5.7109359623e+01
757,2.5218855602e-01,1.2945650551e-01,-3.4520026029e+01
758,-2.9232321091e-01,5.7198100354e-02,-3.7669135906e+01
759,2.4193970314e-01,1.4322388759e-01,-1.5198585535e+01
760,3.8914381819e-01,5.0926952633e-01,2.9753466698e+01
761,2.5261809863e-01,5.4546074670e-01,5.9429422656e+01
762,5.5018628982e-01,-4.2222546199e-01,-8.9174253902e+00
763,-1.5214943172e-01,4.5604487103e-01,1.5350315228e+01
764,2.7354461360e-01,4.8833198370e-01,-2.1356292330e+01
765,2.2995051446e-01,-4.3079799055e-01,-4.0677184696e+01
766,3.0362641429e-01,2.3619684811e-01,6.1466795919e+01
767,-2.0424453484e-01,-1.6750422295e-01,5.6409991158e+01
768,2.4315068748e-01,-1.8312408235e-01,8.4982871045e+00
769,9.1165842774e-02,-4.6530015568e-01,-2.9031967385e+01
770,-4.4425660400e-02,1.7864054289e-01,-2.5532233412e+01
771,2.9476338493e-02,-9.9923385972e-02,3.7289635767e+01
772,-8.1680339582e-02,-1.9389418782e-01,9.7955658227e+00
773,-2.4392034724e-02,1.8001648826e-01,-3.1628769238e+01
774,8.0010558709e-02,4.9692390229e-01,4.2824839786e+00
775,-5.6867317425e-01,9.1279733278e-02,2.2715071872e+01
776,9.9958777110e-02,-2.1343170854e-01,5.0962430536e+01
777,2.6014668749e-01,-5.2076270710e-01,-2.5727234152e+01
778,-1.6590037184e-01,2.6173457591e-01,4.4455891301e+01
779,4.7387388413e-02,3.5719558844e-01,5.0163718395e+01
780,3.5421343363e-01,1.3372997081e-01,4.0965372385e+01
781,-2.4151840882e-01,2.6472629213e-01,-2.8442373027e+01
782,-4.2522596518e-01,-4.3767314311e-01,-5.2958843229e+01
783,-4.7019147893e-01,2.3695960390e-01,5.2485232639e+01
784,-4.4605029572e-01,1.2696515934e-01,3.5314068701e+01
785,3.8229691826e-01,-1.7204174867e-01,-5.6294585047e+01
786,-1.0640314627e-01,3.7207105550e-02,-2.3700217357e+01
787,2.6708103181e-01,1.8872147575e-01,5.8068671332e+01
788,1.7232468930e-01,5.2888074011e-01,5.7941643092e+01
789,-2.0111467811e-01,5.4329235131e-01,4.7373830837e+01
790,-6.2515698263e-02,3.2298942643e-01,3.7713677738e+00
791,8.0845821319e-02,-3.8020935299e-01,1.1518959237e+01
792,4.0808884604e-01,-3.4321835287e-01,-2.7635104875e+00
793,2.6429261105e-01,-3.0223698194e-01,8.3106295529e-01
794,-2.2854453896e-01,-1.2395714418e-01,-3.5947923786e+01
795,-8.5619188179e-02,-1.8385756658e-01,-3.7216041470e+01
796,-3.5124212445e-01,-1.0612258842e-01,-2.2269629563e+01
797,-5.6078007871e-01,-2.8410273595e-01,-4.6647098002e+00
798,6.2254501249e-02,1.7589962083e-01,6.5707099851e+01
799,-4.0812560797e-01,2.0804421155e-01,8.2163986296e-01
800,5.0961103294e-01,4.7930667158e-01,1.3660218324e+01
801,9.6907333368e-02,3.3283955747e-01,6.4543778307e+01
802,-3.1026335935e-01,4.4420106539e-01,1.6988565523e+00
803,-3.1706931814e-01,-1.4773635615e-01,3.8421809422e+01
804,6.7074985548e-02,-3.9121096425e-01,-1.2741326291e+01
805,5.2756388691e-01,1.7621492760e-01,3.5974249533e+01
806,-6.8314147402e-02,-4.2517898482e-02,-4.1925694371e+01
807,-9.4915166104e-02,-4.8744342825e-01,-6.6681345721e+01
808,3.8791454855e-01,3.2308119032e-01,-2.5916781543e+01
809,-1.4528456669e-01,5.2161176309e-01,6.9077591019e+01
810,4.3848074892e-01,-4.2163350307e-02,-4.1363696952e+01
811,1.3472869640e-01,-3.6599619004e-01,1.4334414588e+01
812,3.1369329409e-01,5.9754655193e-01,-3.8605705827e+00
813,-1.4714489049e-01,-2.4954213013e-01,5.8174989659e+01
814,3.6624102639e-01,-3.7804203271e-01,6.9254836049e+00
815,4.1345885474e-01,2.9466532794e-01,7.5055509792e+00
816,-4.7746020722e-01,6.9158220730e-02,3.8682015208e+01
817,1.3411525049e-01,-1.8300780425e-03,1.1680022087e+01
818,-9.5571250221e-02,-2.9495477254e-01,4.2905691857e+01
819,5.4958407326e-02,-3.5853505464e-02,1.2415590695e+01
820,4.7042962983e-02,-2.7100437504e-01,2.8170890793e+01
821,4.5382817044e-02,5.3191867148e-01,-3.0540793383e+01
822,-2.2470260379e-01,1.4490439252e-01,9.1218498145e+00
823,-2.1340709358e-01,-1.8865147846e-01,3.2591258643e+01
824,-7.0826492256e-02,-4.5549222213e-01,6.7428034206e+00
825,-3.2810095819e-03,-5.3300010587e-01,4.2951521071e+01
826,1.6969812983e-01,-2.7069457900e-01,-4.5355886469e+01
827,4.0890770319e-01,2.5341317393e-01,-1.1890306108e+01
828,2.1507954446e-01,4.5109660128e-01,5.0549483767e+01
829,-9.8868542392e-02,7.2032279722e-02,-2.7527501874e+01
830,1.4597592503e-01,4.3984118428e-01,6.3879439621e+01
831,1.4918547091e-01,2.7053316165e-01,-4.2986002789e-01
832,-3.5123143436e-01,6.8177198458e-02,-3.3160320867e+01
833,5.4803738806e-01,-2.9186762108e-01,-6.9232499691e+01
834,-2.4305466659e-01,-2.6467621921e-01,1.0081968614e+00
835,1.4470809788e-01,-1.8675789664e-02,5.1493440822e+01
836,5.6065073280e-01,-4.8613618432e-01,-3.4205463793e+01
837,2.8784857056e-01,-4.6818303338e-01,1.4836879900e+01
838,1.3555304492e-01,9.4736354302e-02,-6.3343291924e+01
839,5.5147992897e-01,4.2307389981e-01,7.6776826809e+00
840,3.9845618317e-01,1.0021138373e-01,6.6825045563e+01
841,1.9734500278e-01,-4.3569473323e-01,2.0259109168e+01
842,5.1956823572e-01,4.2820598297e-01,-1.0738283280e+00
843,1.3826105531e-01,-4.5449172548e-01,-8.6202536671e+00
844,-9.8157129530e-03,3.0120220805e-01,-5.6055444238e+01
845,2.2511745367e-01,5.0964743705e-01,3.0878237688e+01
846,-2.6372688422e-01,1.1799740937e-01,9.3458180930e+00
847,7.5811200527e-02,-1.2026304867e-01,-4.1992247477e+01
848,-2.2961762152e-01,-3.9705733058e-01,-4.1772275357e+01
849,1.1233111503e-01,-4.5845147446e-01,-6.7233686489e+01
850,2.5239639308e-01,4.2257597255e-01,3.9664627635e+01
851,5.5476557796e-01,-2.3100822005e-01,1.4752361168e+01
852,4.3978269059e-01,-3.0911939215e-02,-5.7623919741e+01
853,8.1382484712e-02,-2.8463931006e-01,2.4076363778e+01
854,-4.5572247459e-01,-3.3070582884e-02,4.3553225048e+01
855,2.0332789797e-01,5.3586453746e-01,2.0738210859e+01
856,1.6079521634e-01,-5.9322711001e-01,-1.1771320189e+01
857,5.1358362817e-03,4.0659690728e-01,-5.4147922227e+01
858,-4.7523502437e-01,3.1206159374e-01,-1.6125765269e+01
859,1.6734649302e-01,4.3837216066e-01,5.5776811465e+01
860,5.1234981779e-01,5.5375806427e-01,1.8476676739e+01
861,2.6656828926e-01,2.3437286530e-01,-4.0485312981e+01
862,-2.8941475516e-01,-1.0970655860e-01,-5.5717586087e+01
863,3.1537863511e-01,4.9782034222e-01,4.8848854412e+01
864,2.1155129258e-01,-3.0498787094e-01,3.5127540169e-01
865,-5.1144694261e-01,2.3450393302e-01,5.2947130157e+01
866,-3.3833984863e-01,-9.5636154887e-02,6.1034634050e+00
867,2.3263110958e-01,-4.4952054447e-01,-3.7252926129e+01
868,4.3662460739e-01,3.1120021402e-01,-2.3475513023e+01
869,-2.5941838063e-01,-5.7512855883e-01,-5.3669892428e+01
870,1.1786179400e-01,-1.1913032054e-01,-4.4836193656e+01
871,3.6888739970e-01,1.3628763606e-01,7.0484448287e+00
872,4.0203170342e-01,-1.6110161723e-01,-2.5912034749e+01
873,4.7875260166e-01,2.0501948607e-01,6.5426253076e+01
874,6.0045980567e-03,-4.8310689946e-01,2.4093610447e+00
875,3.9107812299e-01,-3.8526446728e-01,-2.3882143970e+01
876,5.3523619918e-01,-9.1489674441e-02,9.7159498414e-01
877,-3.1404780717e-01,5.8008941702e-01,-8.4930741089e+00
878,4.1737032459e-01,-2.6857440058e-01,5.1287555414e+00
879,4.7239558746e-01,3.5201859455e-01,2.2528177414e+01
880,1.0104643274e-01,2.4322116869e-01,-3.0575589580e+01
881,4.2426321015e-01,1.0578833976e-01,3.7437793984e+01
882,-2.6842647447e-01,-2.2973507937e-02,-8.7382076046e+00
883,4.6658078822e-01,-3.6532651414e-01,-1.9534667214e+01
884,-3.6068941575e-01,1.6775339759e-01,-4.2119031233e+01
885,-3.1020079062e-01,2.6530835461e-01,-3.1687141805e+01
886,3.0685122106e-02,-1.9417811696e-01,-5.8294993976e+01
887,1.5526008760e-01,-5.6048759012e-01,-3.6391825347e+01
888,4.3582449574e-02,-3.6825767172e-01,-2.8797138925e+01
889,3.8578390555e-01,-5.5524460546e-01,-3.3721571451e+01
890,3.4998718167e-01,-2.5947378340e-02,3.6324946809e+01
891,5.5955424675e-01,-2.8198372961e-01,-3.8536515743e+01
892,5.2822564902e-02,2.0208414096e-01,-2.3428305122e+01
893,5.8794251137e-01,-2.5733927900e-01,-4.4075070295e+01
894,2.2930658878e-01,-1.7181842273e-01,-4.4371863544e+01
895,5.7991352877e-01,8.3232126392e-02,-1.9529302178e+01
896,4.4469325185e-01,-8.1998088942e-02,-1.7085183170e+00
897,4.0392605064e-01,-3.5662061308e-01,-3.2362000510e+01
898,2.4134545239e-01,-3.8256335534e-02,-2.7126619566e+01
899,3.8056425361e-01,-1.7535510275e-01,-6.1191964832e+01
900,-8.7073837913e-02,5.9434399841e-01,5.1996309731e+01
901,1.5231361268e-01,4.6052689269e-02,6.5417091888e+00
902,-2.8895366141e-01,3.4196814273e-01,9.8429007531e+00
903,-4.0696286602e-01,-4.5761506367e-01,-1.6310377625e+01
904,-5.9619567615e-01,5.9711584048e-02,2.2424391935e+01
905,-4.5641195742e-01,3.8964163394e-01,1.2910958653e+01
906,3.7909643635e-01,-4.4943777749e-01,-3.5235429550e+01
907,-3.0423056290e-01,-4.1553887291e-02,5.9005293462e+01
908,-4.8792641260e-01,-2.2208318887e-01,-1.8208080577e+00
909,4.8725425852e-01,-3.4408800776e-02,1.4415284137e+01
910,-1.0519563916e-01,2.3897035252e-02,5.3412142503e+01
911,1.8436250367e-01,3.8737071358e-01,2.7880967819e-01
912,3.5866559884e-01,5.9888227824e-01,5.4527526784e+01
913,-5.2749089397e-01,5.8159758811e-01,1.2076265596e+01
914,5.3997380661e-01,-3.9202442202e-01,-6.3438762730e+01
915,-1.4895547575e-01,-4.5901666413e-02,1.1448019078e+01
916,-5.7287804431e-02,1.2624951919e-01,-9.7460539451e+00
917,2.9113427016e-01,-1.6891885613e-01,-4.2704162224e+01
918,-3.6855602123e-01,5.1359747011e-01,5.2428715063e+01
919,-3.3078584636e-01,3.3382185472e-01,-3.1354173422e+01
920,-6.5745459837e-02,-3.7738105055e-01,-5.4335913219e+01
921,5.5095151004e-02,1.7380976797e-01,-3.1689590641e+01
922,2.5373888020e-01,-3.4234310465e-01,-6.7578456332e+00
923,-2.2076288147e-01,-2.0201020017e-01,9.0932648937e+00
924,-2.2194222413e-01,-2.9385977550e-01,-1.9956785462e+01
925,-1.9634428925e-01,-1.0442303197e-01,4.4973345980e+01
926,-5.6337183842e-01,1.8557010085e-01,3.9599393645e+01
927,1.8331380554e-01,-4.0299818570e-01,2.2037137656e+01
928,1.3892153813e-01,6.9357015361e-02,2.4500438189e+01
929,-5.6676544037e-02,4.1318880116e-01,-4.2311158828e+01
930,1.9678871067e-01,4.3692132210e-01,6.0671614453e+01
931,-5.2386964301e-01,-2.8188026015e-01,7.5022024043e+00
932,-5.9238499368e-01,-9.5205451356e-02,7.3969146934e+00
933,-7.2665298474e-02,5.4642650523e-01,-2.8482548407e+01
934,2.3385957056e-01,-2.7517714968e-01,-5.4202675545e+01
935,5.4972554139e-01,3.2122185228e-01,6.8438737736e+01
936,1.6304842610e-01,3.0656812775e-01,3.7071702847e+01
937,-4.4932193400e-01,-4.2536040504e-01,-3.6574270788e+01
938,-1.8508098086e-01,-4.9963402935e-01,2.9364641095e+01
939,-2.4800403838e-01,-1.9997068242e-01,3.9704159734e+01
940,-4.9769252047e-01,-3.4624684748e-01,-2.3497821368e-01
941,6.0382729871e-03,1.7578293204e-01,5.9166133349e+01
942,-1.8109076164e-01,1.9199775002e-01,-9.3707105715e+00
943,3.9616710062e-01,5.7801623185e-01,1.3533868504e+01
944,-2.6976367794e-01,-1.6553114439e-01,5.6096374430e+00
945,4.5155466932e-01,-2.8340817002e-01,-3.7950437101e+01
946,-1.7821262902e-01,2.3604552381e-01,-5.2947967954e+01
947,3.3801360780e-01,1.1025938100e-01,-1.9309177329e+01
948,5.0182219757e-01,9.9021952818e-02,1.3486904769e+01
949,1.5962383953e-01,-5.5371968090e-01,2.1895491301e+00
950,-9.5490734937e-02,-2.0024860840e-01,2.3497329898e+01
951,-4.7700695326e-01,1.2438400603e-01,9.0988945383e+00
952,1.5375084135e-01,1.7066930050e-01,1.4461378547e+01
953,-1.7728938680e-01,-5.7345092920e-01,-5.3053217073e+01
954,-2.5765414615e-01,-5.0153430020e-01,-7.5907265378e+00
955,4.9482684000e-01,-3.9282078948e-01,-8.3021564817e+00
956,1.7064306081e-01,2.1929996224e-01,3.4393965526e+01
957,3.9996498785e-01,-1.9825242704e-01,-2.5883945059e+01
958,-5.0033844978e-01,2.4175184925e-01,-1.9108412080e+01
959,2.4384372352e-01,3.0603813745e-02,2.1590512752e+01
960,3.6886369258e-01,-5.5142903495e-01,-2.5851200471e+01
961,1.1153433739e-02,5.6506829552e-01,1.3157727678e+01
962,2.9667749140e-01,-1.9667590025e-01,-1.9372828228e+01
963,1.5740046437e-01,-1.7288093629e-01,1.2535168334e+01
964,5.2758819913e-01,-5.4592748123e-01,-1.3279201607e+01
965,1.7544446765e-01,-5.4005661773e-01,-6.9168137131e+01
966,-4.7459036909e-01,-5.3616300973e-01,-5.1809641287e+01
967,7.3834038421e-02,-1.7592704700e-03,7.6547336012e+00
968,2.2725847057e-01,-1.1580645547e-01,-4.7800842152e+01
969,1.4565356090e-01,-2.6802325822e-01,-2.8319421107e+01
970,-6.5656779513e-02,8.7826934950e-02,-3.6514262609e+01
971,-3.9854231325e-02,3.0170973137e-01,4.3842628520e+01
972,3.0199269931e-01,-3.7706949795e-01,-3.4099495649e+01
973,-4.4783493482e-01,4.6319600743e-01,5.1348266918e+01
974,1.3170430789e-01,4.3197874869e-01,-3.6173626967e+00
975,1.3337309654e-01,1.6346695614e-02,5.3175414275e+01
976,-4.4899362372e-01,2.5602395444e-01,1.5874449288e+01
977,-5.7566673311e-01,1.0785485712e-01,4.2786360621e+01
978,-3.6918018428e-01,1.9327479493e-01,-1.5405018487e+01
979,3.8899210684e-01,-8.0302063499e-02,6.8773647889e+00
980,2.4000925346e-01,-3.1079638804e-01,-6.7360764328e+01
981,3.8173597843e-01,-2.5661475325e-01,2.5010841263e+01
982,5.7422301405e-03,-1.5839781662e-02,-6.7041059492e+01
983,-2.9579547615e-01,-1.1288758815e-01,3.4617439891e+01
984,-2.6691736439e-01,2.3778595091e-01,1.8046395537e+01
985,-2.3052956161e-01,-7.0241532733e-02,3.9875774778e+01
986,4.9450550016e-01,-2.9073827938e-01,-5.3318494486e+00
987,-2.9206080774e-01,5.8143495528e-01,3.3619329604e+01
988,4.2353529598e-01,-1.2989451504e-01,-5.1686631322e+01
989,3.9053680931e-01,8.7634572026e-02,-4.5839113122e+01
990,-3.2805676683e-02,-1.3143529936e-01,-5.4356521886e+01
991,9.4350861061e-02,-5.9362285861e-01,6.4129195400e+00
992,7.5976914273e-02,3.8373045933e-01,5.9547724316e+01
993,5.7634512281e-02,3.6694017375e-01,-1.8803922499e+01
994,4.5441919188e-02,3.6587499517e-01,2.9635324656e+01
995,-5.0317941717e-02,1.9605624266e-01,-2.2400418780e+01
996,-5.5025631213e-01,3.2352362649e-01,1.6403648270e+00
997,-4.9726695097e-02,-1.9206302127e-01,-3.3293237425e+01
998,4.3829010380e-01,4.6548892497e-01,-4.1756929891e+00
999,-2.4583458723e-01,5.0274532951e-01,6.6210132723e+01
1000,1.0982337375e-01,-3.6789922697e-01,-4.2594829002e+00
1001,1.1359556831e-01,4.2124270188e-01,5.7362641176e+01
1002,-5.4450786218e-01,3.0296354698e-01,3.1315343795e-01
1003,9.2345199846e-02,-1.1952112016e-01,-5.1186605747e+01
1004,8.2622753240e-02,1.8103325285e-01,-4.4082698073e+01
1005,-3.9825657159e-01,-4.2959411425e-01,-1.0875537986e+01
1006,-1.9377962364e-01,-5.1384062529e-02,-8.8880899153e+00
1007,4.0500045008e-02,-1.9598317517e-01,3.7597933411e+01
1008,-1.5709565512e-01,-2.3357452507e-01,3.4246512500e+01
1009,6.1346722590e-02,-3.7108955670e-01,-5.8700741525e+01
1010,4.7182259899e-01,-7.8906526362e-02,-1.8553230357e+01
1011,2.2003047119e-01,-2.1653182679e-01,-6.4506356949e+01
1012,-3.1752757398e-01,-4.8226091390e-01,-3.8138652180e+01
1013,-1.9629395238e-01,2.7256431802e-02,6.3836947841e+01
1014,-1.4281166768e-01,-3.3263739352e-01,-3.2570262106e+01
1015,3.3778510597e-01,-3.2250828200e-02,2.5890841862e+01
1016,1.4583755228e-01,1.7811404048e-01,-5.6600438497e+01
1017,-2.7277124065e-01,3.7320252681e-01,5.8176714497e+01
1018,4.2828139884e-01,3.9199234400e-03,1.7737124979e+01
1019,5.3441774456e-02,-4.7308151351e-01,7.4142682637e+00
1020,-4.4955577600e-01,4.2525390101e-02,-1.9464135315e+01
1021,-2.7597087912e-01,6.0624661466e-02,-6.5747657202e+01
1022,3.1222570265e-02,-4.9461450651e-01,-6.1613847297e+01
1023,2.5535604202e-01,4.7706481995e-01,-9.7875915424e+00
1024,3.1461359952e-01,8.5803718122e-02,2.4496794438e+01
1025,3.6640072302e-01,-1.0440002982e-01,4.6911414506e+01
1026,-5.4643275330e-01,-2.1902285022e-01,-2.8608351633e+01
1027,2.5847282537e-01,3.8881554587e-01,3.7699600679e+00
1028,5.9094017369e-01,2.9017933418e-01,3.8835347912e+01
1029,3.2163655153e-01,2.2097370381e-02,3.3577924035e+01
1030,4.7483348625e-01,-1.8897294845e-01,2.2513980569e+01
1031,-2.2655273356e-01,2.6398616693e-02,9.1182577476e+00
1032,-1.0637573084e-01,3.7479244481e-01,-3.9151273945e+01
1033,1.2948453190e-01,-2.9276903428e-01,-3.6616096559e+01
1034,5.5317667041e-02,-5.4052469381e-01,-7.2440684655e+00
1035,1.9333291534e-01,-3.7805728291e-01,-3.2850601653e+01
1036,2.1659611288e-01,-2.4736383859e-01,-3.6285862279e+01
1037,-2.3964762101e-01,-2.9065284275e-01,1.9394219956e+01
1038,1.7210653825e-01,-3.3087342096e-01,-4.8039875186e+01
1039,6.0940406423e-02,2.2121977075e-01,-3.6889302798e+01
1040,4.0503628900e-02,3.2104379849e-01,3.4507870335e+01
1041,1.0217644865e-01,5.8731345156e-01,3.7491578243e+01
1042,5.0577093901e-01,-3.1718330949e-01,1.7045511387e+01
1043,8.4338330807e-02,-5.8331816383e-01,1.1482821932e+01
1044,1.8852096772e-01,-3.3925147774e-01,-2.8557293443e+01
1045,5.1796447859e-01,1.4076574772e-01,-1.5429658532e+01
1046,2.9756043330e-01,-7.1977966712e-02,1.9409929681e+01
1047,-2.8192523126e-01,-1.0107739556e-01,-4.6622338957e+01
1048,-5.3313551312e-01,-2.2246491390e-01,-4.5721873051e+01
1049,8.0052324279e-02,6.2243346609e-03,-6.8076418623e+01
1050,-5.9730352056e-01,-2.6073123142e-02,-3.6738706448e+01
1051,-5.1934347241e-01,4.8366611514e-02,-4.2050534940e+01
1052,-4.1782809001e-01,4.1480638912e-01,4.1312313520e+01
1053,-2.2378594277e-02,-4.3812191600e-01,-4.5127531684e+01
1054,1.3621160891e-01,3.6736155502e-01,-1.8099081128e+01
1055,5.7585237394e-02,3.9507305646e-01,5.9686556021e+01
1056,4.6438189318e-01,3.2637171123e-01,-1.6367056374e+01
1057,5.0794916031e-01,-2.9673458263e-01,-4.7894495711e+01
1058,-1.1457560344e-01,-5.4016029546e-01,-4.7218528644e+01
1059,2.8703334672e-01,2.7640952837e-01,6.2128640565e+01
1060,5.2878683257e-01,-3.9730313159e-01,-4.0800796502e+01
1061,1.7179686328e-01,6.6103860908e-02,-3.4032919844e+01
1062,-5.5571918962e-01,2.4484704049e-01,2.5292898101e+01
1063,4.0557469117e-01,1.3505740520e-01,-2.2127522244e+01
1064,3.8722540292e-01,-5.9686052916e-01,-7.2953672301e-01
1065,-1.8319844354e-01,1.4226633008e-01,1.6663260368e+01
1066,-1.8125794240e-01,2.4651828813e-01,6.6583148798e+01
1067,2.5084201366e-01,3.2982140769e-01,-5.1458676912e+00
1068,3.5318805393e-03,-4.0090310425e-01,-4.6071467311e+01
1069,-3.6543800223e-01,-4.3375296924e-01,1.0514137755e+01
1070,-2.8720348035e-01,-2.6549770672e-01,-4.3811643636e+00
1071,-8.3525671567e-02,3.2188036953e-01,-4.9398831665e+01
1072,1.3695040636e-01,-1.9874055013e-01,4.8615557861e+01
1073,-3.8290245991e-01,1.4042565260e-01,-1.1232259599e+01
1074,-2.4548188737e-01,5.8453315890e-01,1.5729547969e+01
1075,3.9190367926e-01,6.6256172016e-02,-3.3947438012e+01
1076,-4.3058496388e-01,-8.3913852407e-02,3.6443027408e+01
1077,3.5462397137e-01,9.1403777125e-02,-1.1712113414e+01
1078,-5.1466884359e-01,3.8242594739e-01,1.9545155401e+01
1079,4.4947465067e-02,3.9239238409e-01,-2.4865016383e+01
1080,4.0355873534e-03,-5.1190224973e-01,-1.5381108814e+01
1081,-4.3981865612e-01,-2.5058387631e-01,2.5373491338e+01
1082,-2.9395161458e-01,1.9975643229e-02,6.0126979095e+01
1083,-5.7702076839e-01,-2.9283072338e-01,-3.9172404765e+01
1084,-2.2961156094e-01,-4.0203760713e-01,6.7201159027e+00
1085,-3.2381359163e-01,3.0164529607e-01,-7.3806685548e+00
1086,2.7817769936e-01,-5.3879550346e-02,-3.8352584431e+01
1087,1.9882725464e-01,-4.6050507958e-02,2.6975295731e+01
1088,-4.3668797402e-01,-5.1768948147e-01,-3.6131500943e+01
1089,8.6551275197e-02,-2.5391594034e-01,3.3229935306e+01
1090,4.3153080525e-01,-2.4531185317e-02,1.5672589992e+01
1091,-1.8396007794e-01,4.5228382977e-01,3.1184039988e+01
1092,-1.3214905809e-01,-3.1544862339e-01,3.2109047944e+01
1093,-3.6279702481e-01,-1.2849128678e-01,-1.6506764748e+01
1094,4.8052835568e-01,-2.4909331107e-01,-5.4142461763e+01
1095,7.2187957992e-02,8.0285931424e-02,2.2636514641e+01
1096,1.5264187946e-01,-4.6784833564e-01,6.8551558172e+00
1097,-2.9708934455e-01,-3.7970596415e-01,1.1005344086e+01
1098,-8.3891863362e-02,3.2875093605e-01,4.5961562741e+01
1099,-2.3686724797e-01,-2.2392234421e-02,5.1260745596e+01
1100,2.4140634163e-01,5.1576220750e-01,1.4865642368e+01
1101,-3.5051651026e-01,3.8727645073e-01,6.4814307777e-01
1102,-2.4760315719e-01,5.8253715806e-01,1.1997228888e+01
1103,3.1553870607e-01,4.1903955817e-01,6.2458924928e+00
1104,-4.2095513706e-01,3.3700924039e-01,6.5930438623e-01
1105,-5.5294639842e-01,-8.9521224521e-02,-1.8521459399e+01
1106,1.8113490751e-01,1.0170522404e-01,-5.8591739286e+01
1107,-4.9440245281e-01,-4.5050049281e-01,-5.8215388074e+00
1108,5.2411742537e-01,-8.7959730435e-03,6.2994400502e+00
1109,5.2507649442e-01,-7.4231600878e-02,-1.2737318836e+01
1110,-2.8534913809e-01,-5.5978754942e-01,-6.4038710220e+00
1111,-4.0990096046e-02,-3.7385320618e-01,5.3518382754e+01
1112,-3.0571547173e-01,-9.4602474032e-02,2.7830874165e+01
1113,5.1282822710e-01,-3.1321902502e-01,-7.9901178980e-01
1114,2.6411985226e-01,1.2912275664e-01,6.7248305741e+01
1115,3.5685701636e-01,-5.6217061924e-01,-1.7115656777e+01
1116,1.1121503457e-01,-1.0894360495e-01,-2.0408436029e+01
1117,2.6487478601e-01,-3.7564849838e-01,-1.9887544756e+01
1118,-4.2941259303e-01,-4.1309426595e-01,6.2079096236e-01
1119,-3.8882381933e-01,-7.2959505317e-02,-4.7996318585e+01
1120,3.5032179583e-01,3.3173290964e-02,-3.3193686071e+01
1121,3.0205185712e-01,-5.4384768653e-01,-6.3151216006e+01
1122,-3.1845697369e-01,5.9269826026e-01,5.5573934585e+01
1123,3.2391966688e-01,-1.9368150390e-01,-4.6756054366e+01
1124,-1.0712990962e-01,2.6610400740e-01,-5.5195770712e+01
1125,3.2969400864e-02,-5.9941744788e-01,1.0816697131e+01
1126,4.2836452000e-01,4.6167805632e-01,-6.5331444212e-01
1127,-1.1789421617e-01,1.7270985363e-01,-3.2308984598e+01
1128,7.9033384366e-02,-4.5130382309e-01,-5.9491193401e+01
1129,8.9201338876e-02,4.1757397846e-01,4.2089771574e+01
1130,1.8969671961e-03,-2.4764713528e-01,1.9302634048e+01
1131,5.7311378581e-01,-5.1032768778e-01,-2.9483479210e+01
1132,-5.1618564421e-01,2.6361996578e-01,4.6061995812e+01
1133,5.2290244881e-01,3.1124176256e-01,5.6872551588e+01
1134,-2.3153055914e-01,2.2676380957e-01,4.8983507343e+00
1135,-4.5924080823e-01,-3.6592091883e-01,-4.3627170651e+01
1136,1.7893371265e-01,1.8745441382e-01,4.9510789033e+01
1137,2.8381570146e-01,5.8495205530e-01,3.3523622267e+01
1138,2.8166737479e-01,-3.2648228267e-01,-4.8625385670e-01
1139,5.0662315803e-01,-5.2839880676e-01,-6.6821949869e+01
1140,-2.6846145851e-01,1.6073134836e-01,9.7380318106e-01
1141,2.9535786730e-01,-3.8347031008e-01,2.9724932649e+01
1142,2.7949177437e-01,5.2306911284e-01,-1.3190720243e+01
1143,4.0315506716e-01,2.8051632756e-01,1.0549862240e+01
1144,9.3533363093e-02,-4.3947160028e-01,-6.4515756722e+01
1145,-3.8355945107e-01,-4.8455934944e-01,-1.9722483523e+01
1146,2.3233710385e-01,-4.8467032416e-01,1.5054319668e+01
1147,-4.0324602131e-02,-1.4625553186e-01,1.9260893127e+01
1148,5.7110093181e-02,-5.0396445184e-01,-4.4830857893e+00
1149,-2.9542993606e-01,5.5996291399e-01,2.3511162253e+01
1150,3.1543759151e-01,5.4995878246e-01,2.2295945319e+00
1151,-5.8625259289e-01,-4.5524541047e-01,-6.7585790556e+01
1152,-2.8802651688e-01,2.1347098676e-01,2.2921560737e+01
1153,-1.4484933958e-01,-3.3313443000e-01,-6.6276327440e+01
1154,9.8103739188e-02,-5.5997038307e-01,-4.1471830025e+01
1155,-2.4476684649e-01,-4.6881052352e-02,3.5449513333e+00
1156,4.0536940116e-01,-1.0495385352e-01,3.0483640587e+00
1157,-2.0143989624e-01,-4.8084393422e-01,-1.9354067400e+01
1158,-5.4207167267e-02,-5.7271652020e-01,2.8200742168e+01
1159,-4.0246770678e-01,2.8823456210e-01,5.0492677104e+01
1160,-3.5898462540e-01,-3.4876970826e-03,-3.0311315125e+01
1161,3.2400939971e-01,-2.6900558438e-02,-5.6336074609e+01
1162,-2.3615280644e-01,2.8983558463e-03,6.9669163112e+01
1163,1.5058771918e-01,3.0328634194e-01,-2.9522859248e+01
1164,-3.5967286680e-01,5.5044341596e-01,1.4191855995e+01
1165,2.2361593369e-01,1.6154098887e-02,6.4237667709e+01
1166,1.0374721099e-01,-1.5232407996e-01,-2.8656749040e+01
1167,4.1438143976e-02,2.8467596099e-01,-3.1721928043e+01
1168,5.9862018986e-01,-1.4782181160e-01,-3.9879572278e+01
1169,-4.2466463343e-01,-1.2599886075e-02,-3.7434984428e+01
1170,4.1262988836e-01,2.1211257130e-01,-3.3345244645e+01
1171,-5.7283788484e-01,-1.7646264200e-01,-9.8137743782e+00
1172,-5.6039995585e-01,2.4101820844e-01,1.3064873661e+00
1173,-4.4533956111e-02,-6.7827753008e-02,3.8746410312e+01
1174,-1.7366537706e-01,3.1338404892e-01,6.5341864780e+01
1175,-4.4059665441e-01,3.0615403363e-01,5.6458032736e+01
1176,3.5774354888e-02,5.8388482390e-01,3.0208201688e+00
1177,2.7059777077e-01,-2.7844180375e-01,2.8265565752e+01
1178,-2.2074048015e-01,-5.3657169953e-01,-3.5205654132e+01
1179,3.2652846212e-01,-3.2952276140e-01,6.7660635860e+00
1180,-3.4265680462e-01,-3.3908330252e-01,-5.9213017072e+01
1181,-3.0577650316e-02,4.8895402760e-01,4.1735332926e+01
1182,-2.5912503582e-01,-5.4640442083e-02,-2.6959568914e+01
1183,-4.0849826008e-01,2.4788971041e-01,2.9326794956e+01
1184,-3.3945695523e-01,1.2930993600e-01,1.4469279823e+01
1185,-3.6790170271e-01,6.8957012157e-02,-2.2045825313e+01
1186,-7.2767618004e-02,5.8748718373e-01,-1.5428034910e+01
1187,1.0218590507e-01,-8.8130746058e-02,4.3966267134e+01
1188,5.0127102260e-01,-6.8423022246e-02,6.8106493024e+00
1189,-3.3241872340e-01,-1.2495958444e-01,3.9025492574e+00
1190,-1.0056123107e-01,-1.8040763024e-01,5.9153367349e+01
1191,7.1933366840e-02,1.3661823889e-01,-4.9463925453e+00
1192,5.3913317615e-01,1.2158792813e-01,2.2940588057e+01
1193,-5.2610719751e-01,5.0744515333e-01,3.5956312723e+01
1194,2.5567765351e-01,5.6287252813e-01,-1.5748583535e+01
1195,-5.3517678317e-02,-2.2370321570e-01,-2.2509917935e+01
1196,-5.4446068092e-01,-5.4583597944e-02,-1.2667017734e+01
1197,5.0153473852e-01,-3.8132289782e-01,-6.3013699408e+01
1198,5.7620470737e-02,-2.7853424555e-01,-6.0604683456e+01
1199,-9.7572776605e-02,-1.2018346608e-02,3.0027172415e+01
1200,-5.4114886337e-01,8.8039124667e-02,5.2010089034e+01
1201,-5.3984046734e-01,2.8370562696e-01,-4.0762628228e+00
1202,3.1422702805e-01,-3.6852796952e-01,-2.2616345029e+01
1203,2.6449799244e-01,-1.2937940398e-01,-4.2938175277e+01
1204,-5.3152681732e-01,-4.2531903400e-01,-6.8322106014e+01
1205,-4.7149842364e-01,2.8187760098e-01,4.5529853771e+01
1206,-5.6479491136e-01,-4.2858634029e-01,-6.5159746051e+01
1207,-3.8241763886e-01,5.0854505505e-01,6.5389921418e+01
1208,6.9764664302e-02,-1.7790176456e-01,-5.6663927064e+01
1209,4.3013893084e-01,-2.7712559398e-01,-5.4169557917e+01
1210,9.2287937546e-02,-3.0887024098e-01,1.8782435337e+01
1211,-2.4456847897e-02,-4.6634872140e-01,3.0544234678e+00
1212,-5.3996758513e-01,-1.5934811281e-01,-5.3559166134e+01
1213,-2.4284209149e-01,1.3831064962e-01,4.7657202672e+01
1214,5.7423780300e-01,-2.3441582324e-01,7.8044096139e+00
1215,-3.4491874275e-01,4.4468816362e-01,3.5843463389e+01
1216,5.2904509632e-02,-3.6119101139e-01,1.7228908724e+01
1217,-1.1352178169e-01,1.8963572074e-02,-3.8228865731e+01
1218,1.2037491095e-01,-1.7575760235e-01,1.4362064248e+01
1219,-3.5426908530e-01,-3.4564086760e-01,-5.8810855490e+01
1220,-8.2132000299e-02,-4.7951599973e-01,-3.1418592309e+01
1221,-3.5561981420e-01,3.1947756895e-01,3.3090152385e+01
1222,-1.4293275144e-01,-4.1493101498e-01,-2.5653512779e+01
1223,-5.3273272324e-01,-4.4543555153e-01,-1.5590532024e+01
1224,-5.0903816207e-01,-5.8273878664e-01,-2.5997900267e+01
1225,-2.4170485862e-01,-1.5317354706e-01,2.8723297951e+01
1226,-4.1558820296e-01,2.4964706682e-01,4.3870898029e+01
1227,3.4300373877e-01,3.3949059794e-01,2.5507382553e+01
1228,-5.2059309224e-01,-2.0933264315e-01,-3.1381796814e+00
1229,5.0987917564e-01,-8.9637748887e-02,-5.4766844122e+01
1230,3.2569884399e-01,4.6032777468e-01,6.0097909755e+01
1231,-3.5890536053e-01,-4.0579057147e-01,-5.3641958591e+01
1232,-2.6345145776e-01,1.5598301834e-01,1.5550598918e+01
1233,1.0678363608e-01,3.1622132483e-01,6.2292696146e+01
1234,-4.4498709954e-01,-4.3860156498e-01,-5.0664416126e+01
1235,1.5141995317e-01,3.1496932266e-03,-3.7528223694e+01
1236,-2.0214071023e-01,9.1399061714e-02,3.9852471110e+01
1237,-5.5358598269e-01,-2.0210272132e-01,-3.4072781364e+01
1238,4.5826314918e-02,-1.7685461407e-01,-3.4596415260e+01
1239,7.0590338676e-02,3.5695033210e-01,4.5576546748e+01
1240,4.1343363875e-02,-4.5170923395e-01,1.0287622502e+01
1241,-8.2178443647e-02,-3.3743014183e-02,9.4688833285e+00
1242,1.8477041695e-02,-4.8372636550e-01,-3.4469727263e+01
1243,3.7331516695e-01,2.7727573235e-01,5.9764842302e+01
1244,-1.9829061589e-01,-4.7171192504e-01,-1.3677924552e+01
1245,2.2887891106e-01,1.9811810117e-01,5.5517525614e+01
1246,4.5309392979e-01,1.5998307478e-01,-1.3451482391e+01
1247,2.1144288792e-01,3.3122477232e-01,-3.5522965947e+01
1248,3.7000908375e-01,1.9370946261e-02,2.2870285369e+01
1249,3.5748023481e-03,-1.5439612788e-01,4.1585564086e+01
1250,4.9123913481e-03,-3.5384396115e-01,-5.2937914652e+01
1251,-6.7124865769e-02,-4.3885125824e-01,-6.6540905131e+01
1252,-4.6809450700e-01,4.7401054355e-01,1.6056489896e+01
1253,-4.3461599823e-01,-5.9682135177e-01,-3.5522343745e+01
1254,-1.2847925753e-01,-3.8632960114e-01,-6.1703686551e+01
1255,-2.8550038237e-02,-1.1663929686e-01,-4.4679230765e+01
1256,2.0886855040e-01,-5.3659653691e-01,-4.8154951198e+01
1257,4.1074036158e-01,-3.4330882179e-01,-2.4045634175e+01
1258,-5.5345513978e-01,1.2639393994e-01,1.7507895428e+01
1259,-1.4211472607e-02,-1.2444486413e-01,6.4407994761e+01
1260,1.9671570251e-01,5.8690255990e-02,6.7263579240e+01
1261,1.0525547146e-01,4.8708000970e-01,1.9410588436e+01
1262,7.9264445664e-02,-3.2556429211e-01,1.9744164483e+01
1263,1.9745214075e-01,-2.6503221773e-01,-4.8244229686e+01
1264,-1.6508432915e-03,-2.5753204059e-01,-5.0667285264e+01
1265,-4.3571051772e-01,8.6345565475e-02,-8.1653100956e+00
1266,-3.7772768404e-01,-7.3477619413e-02,-4.0695624856e+01
1267,4.6759076049e-01,2.2710825220e-01,1.6883596650e+01
1268,-2.6257848014e-01,-3.5978149373e-01,-2.8965616501e+01
1269,-4.8868603262e-01,-2.3442751249e-01,-3.2079216014e+00
1270,-4.9649647851e-01,-6.0870120136e-02,-8.1215665895e-01
1271,3.6347510770e-02,-4.7960829022e-01,-6.9934701292e+01
1272,-1.1364795261e-01,1.4675137676e-02,-4.8347184195e+00
1273,-3.3642944263e-01,4.1402613045e-01,2.2532533176e+01
1274,1.1035711305e-01,-2.3419649354e-01,2.9844426532e+01
1275,-1.3785977309e-01,-1.1433701623e-01,-3.3851111174e+01
1276,-2.6919793181e-02,-1.6717749876e-01,4.8540583641e+01
1277,-2.9316914188e-01,-4.1324889333e-01,-8.3424947668e+00
1278,2.3791153776e-01,4.8038056605e-02,-4.4596727656e+01
1279,7.9757683966e-02,5.2056384519e-01,9.0603697028e+00
1280,-2.9763062496e-01,1.2687438312e-01,1.4202544937e+01
1281,2.6901537787e-01,-4.7184744974e-01,-5.5076231615e+01
1282,-3.4758584802e-02,-5.3747811921e-01,-1.2469227844e+01
1283,1.9916427545e-02,-1.4595867591e-01,-2.7970693107e+01
1284,4.2596457779e-02,-1.7540200798e-01,2.7347567719e+01
1285,-4.2156274111e-01,-5.7548630223e-01,-5.0682635159e+01
1286,-1.9335100992e-01,3.1987849615e-01,-4.2270497719e+00
1287,-2.8885125156e-01,2.3931072092e-02,-2.8944907587e+01
1288,-1.5894758566e-01,4.8724729900e-01,6.6136539428e+01
1289,-2.1940169502e-01,3.9094952713e-01,3.7574808938e+01
1290,-4.5923906285e-01,-1.8684611359e-01,-4.0354515551e+00
1291,-1.9867197236e-02,-4.7666379709e-01,-3.6333655929e+01
1292,1.3828984852e-01,5.1224870140e-01,3.8052092236e+01
1293,-2.3410557964e-01,7.3556919262e-02,-5.0203765888e+01
1294,5.2669707239e-01,4.6212310840e-01,4.9554283659e+01
1295,-1.5909512736e-01,-3.6435110576e-02,-3.5342046032e+01
1296,-2.6635075296e-01,-1.5954108534e-01,3.8491577631e+01
1297,3.6127084194e-01,-3.1927315961e-01,-6.3769409625e+01
1298,5.5573967639e-01,1.8571601205e-01,7.5971343773e+00
1299,-5.6419738505e-01,3.4039298905e-01,5.0926255910e+01
