load_id,Vx,Vy,Mx,orig_case,group
0,9.1165842800e-02,-4.6530015600e-01,-2.9031967400e+01,769,explicit
1,-5.5861170100e-02,5.9628696500e-01,4.0511451900e+01,406,explicit
2,-5.9591252500e-01,5.7106361000e-01,5.1257840300e+01,24,explicit
3,5.8312747600e-01,5.9233668400e-01,6.5783430800e+01,438,explicit
4,6.7074985500e-02,-3.9121096400e-01,-1.2741326300e+01,804,explicit
5,-1.1763733200e-01,-5.0404620500e-01,-3.2970343200e+01,141,worst
6,1.5526008800e-01,-5.6048759000e-01,-3.6391825300e+01,887,worst
7,-4.5362501600e-01,-5.5257190000e-01,-4.7971224000e+01,273,worst
8,7.1542580900e-02,-5.2630554300e-01,-3.8125262600e+01,450,worst
9,-3.4158747200e-01,-5.9758962600e-01,-4.8409209200e+01,383,worst
10,-5.8175423300e-01,5.1145096100e-01,6.2368631900e+01,305,worst
11,-4.7459036900e-01,-5.3616301000e-01,-5.1809641300e+01,966,worst
12,-5.1231682000e-01,-4.7390575600e-01,-4.7821437100e+01,289,worst
13,4.1994649600e-02,-3.8890791300e-01,-2.8954620400e+01,83,worst
14,4.3370562800e-01,5.7848237400e-01,5.5996008100e+01,697,worst
15,5.7427156900e-01,-4.8669775900e-01,-6.2742379700e+01,254,worst
16,2.1059831800e-04,-5.2572769800e-01,-1.4044043200e+01,754,best
17,1.3957958800e-01,-5.0546502300e-01,-1.3009186100e+01,281,best
18,-4.7023334100e-02,-3.2906520300e-01,-8.4750416200e+00,213,best
19,1.1586135900e-01,-3.9066950500e-01,-1.2994980800e+01,687,best
20,1.1153433700e-02,5.6506829600e-01,1.3157727700e+01,961,best
21,3.1194739800e-02,-5.1133138200e-01,-1.1731789600e+01,751,best
22,-1.1927247400e-01,4.6737264600e-01,1.1131646400e+01,743,best
23,6.6129069100e-02,4.9377797200e-01,1.0456807600e+01,501,best
24,1.6079521600e-01,-5.9322711000e-01,-1.1771320200e+01,856,best
25,1.7523765600e-01,4.2474925500e-01,7.1229266400e+00,136,best
26,-1.6018682600e-01,-5.2428630000e-01,-1.0588040600e+01,70,best
27,1.7905809500e-01,-5.4933308900e-01,-1.0396537400e+01,454,best
28,1.3826105500e-01,-4.5449172500e-01,-8.6202536700e+00,843,best
29,2.1936926900e-01,5.3703475500e-01,1.4342382400e+01,547,best
