case,mode,relL2_Mises,relL2_Szz_Mises,relL2_inv_1,relL2_Szz_inv_1,relL2_S33,relL2_Szz_S33,relL2_S13,relL2_Szz_S13,relL2_S23,relL2_Szz_S23,relL2_N_resultant,relL2_M_resultant,transverse_ratio_3d,transverse_ratio_fen,section_frame,alpha1,alpha2,alpha3,beta1,beta2,beta3,dN_over_F0,dM_over_M0
0,"original (forces on, product)",0.098263,0.10417,0.1617,0.16332,0.070091,0.070091,0.46224,0.086945,0.99094,0.088933,1.0518e-08,3.0969e-13,0.00071799,0.086077,beam_UR_at_Z_MID,,,,,,,,
0,trial_force_product_localstrain,0.064217,0.06808,0.061308,0.061922,0.063115,0.063115,0.12513,0.023536,0.24877,0.022327,5.0629e-07,7.0549e-12,0.00071799,0.0019449,beam_UR_at_Z_MID,1.2891e-06,-2.7381e-06,1.2173e-06,-2.145e-08,2.8428e-08,7.6634e-06,3.1353e-07,1.4378e-12
0,trial_noforce_product_localstrain,0.064353,0.068224,0.061271,0.061885,0.063126,0.063126,0.12739,0.023961,0.25397,0.022793,0.089909,0.00045223,0.00071799,0.000574,beam_UR_at_Z_MID,0,0,0,0,0,0,0.055678,9.2165e-05
1,"original (forces on, product)",0.065356,0.072015,0.070722,0.077706,0.067889,0.067889,1.1341,0.024891,0.091464,0.028961,0.00010748,1.7717e-10,0.0017491,0.010508,beam_UR_at_Z_MID,,,,,,,,
1,trial_force_product_localstrain,0.064578,0.071158,0.064624,0.071007,0.065529,0.065529,0.23018,0.0050521,0.062723,0.01986,9.9031e-05,1.6158e-10,0.0017491,0.0057196,beam_UR_at_Z_MID,4.0574e-06,3.6704e-07,1.0845e-05,3.9671e-07,2.5765e-08,-5.7587e-06,1.2733e-05,9.8956e-11
1,trial_noforce_product_localstrain,0.064527,0.071101,0.064385,0.070744,0.065584,0.065584,0.23584,0.0051763,0.06275,0.019869,3.5131,0.00011233,0.0017491,0.0016921,beam_UR_at_Z_MID,0,0,0,0,0,0,0.45171,6.8792e-05
2,"original (forces on, product)",0.063936,0.068697,0.06439,0.069144,0.064348,0.064348,0.7275,0.01093,0.070287,0.019122,2.7242e-05,6.9015e-11,0.0013641,0.0085515,beam_UR_at_Z_MID,,,,,,,,
2,trial_force_product_localstrain,0.063221,0.067929,0.063286,0.067959,0.063862,0.063862,0.15335,0.0023038,0.060007,0.016325,1.7774e-05,4.4037e-11,0.0013641,0.0044673,beam_UR_at_Z_MID,-1.2518e-06,-3.8143e-07,6.6228e-06,1.7165e-07,-6.4683e-09,2.1e-06,3.5691e-06,2.1082e-11
2,trial_noforce_product_localstrain,0.063186,0.067891,0.063145,0.067807,0.063898,0.063898,0.15736,0.0023641,0.059983,0.016318,1.3732,5.2611e-05,0.0013641,0.0013246,beam_UR_at_Z_MID,0,0,0,0,0,0,0.27575,2.5188e-05
3,"original (forces on, product)",0.084182,0.086934,0.10745,0.10811,0.0705,0.0705,1.25,0.06648,0.47159,0.068401,6.4686e-06,5.311e-11,0.00085552,0.037123,beam_UR_at_Z_MID,,,,,,,,
3,trial_force_product_localstrain,0.069302,0.071568,0.067318,0.067736,0.068065,0.068065,0.28257,0.015028,0.13111,0.019016,1.0797e-05,8.1297e-11,0.00085552,0.0026518,beam_UR_at_Z_MID,2.7899e-06,1.8254e-06,2.3447e-06,5.0622e-08,3.2533e-08,-7.8029e-06,4.8165e-06,2.3072e-11
3,trial_noforce_product_localstrain,0.069373,0.071642,0.067277,0.067695,0.068085,0.068085,0.28938,0.01539,0.13314,0.019311,0.22595,0.00033031,0.00085552,0.00069474,beam_UR_at_Z_MID,0,0,0,0,0,0,0.1008,9.3742e-05
4,"original (forces on, product)",0.11301,0.11997,0.17026,0.17019,0.076048,0.076048,0.92718,0.099024,0.59872,0.1033,3.7149e-07,5.1978e-12,0.00091102,0.083114,beam_UR_at_Z_MID,,,,,,,,
4,trial_force_product_localstrain,0.073918,0.078469,0.067089,0.06706,0.068769,0.068769,0.21807,0.02329,0.15998,0.027601,1.2171e-06,1.5077e-11,0.00091102,0.0025733,beam_UR_at_Z_MID,3.471e-06,-3.0836e-06,2.1825e-06,-5.2708e-08,5.1902e-08,1.1335e-05,7.1428e-07,4.1083e-12
4,trial_noforce_product_localstrain,0.07403,0.078588,0.067042,0.067014,0.068786,0.068786,0.22305,0.023822,0.16275,0.028079,0.16601,0.00049982,0.00091102,0.00061965,beam_UR_at_Z_MID,0,0,0,0,0,0,0.097427,0.00013619
