orig_case,new_case,group,twist,load_mismatch,Mises_base_%,Mises_new_%,I1_base_%,I1_new_%,S33_base_%,S33_new_%,S13_base_%,S13_new_%,S23_base_%,S23_new_%,Energy_base_%,Energy_new_%
769,0,explicit,0.21950399531911924,0.0,8.391904,2.865438,8.083036,3.169661,8.307488000000001,3.2192900000000004,1.5738530000000002,1.2597880000000001,1.644257,1.248057,3.220923,4.0253
406,1,explicit,0.28561529333113206,0.0,8.299421,2.6716360000000003,8.199591999999999,2.691839,8.276482,2.701321,0.8784752,0.7157377,0.9609042,0.7214999,4.027089999999999,4.988716
438,3,explicit,0.5810764437407875,0.0,7.959919,1.775635,5.927327,1.267523,7.179191,1.856291,3.1322349999999997,2.619145,4.032948,2.773478,0.14200669999999999,0.2364896
804,4,explicit,0.03668823321095923,0.0,5.323898,2.61314,5.374008,2.637859,5.40174,2.648414,0.6011974,0.4127547,0.5962165,0.4482588,5.894756,5.033555
141,5,worst,0.2881867409482739,0.0,8.060718999999999,2.365619,7.639318,2.609508,7.904691,2.653431,1.719414,1.385126,1.819016,1.368085,2.462039,3.2225829999999998
887,6,worst,0.3263609876232899,0.0,8.049995000000001,2.305165,7.341467,2.475314,7.742275,2.542144,2.13823,1.7136660000000001,2.2529730000000003,1.6924089999999998,1.93036,2.56142
273,7,worst,0.4670141321283917,0.0,7.957718,3.06684,6.065937,1.316776,6.940817000000001,1.5737709999999998,2.881385,2.3442879999999997,3.39546,2.439403,0.10532359999999999,0.1508217
450,8,worst,0.37026217606613643,0.0,7.855615,2.135014,7.742062,2.154739,7.8277589999999995,2.158977,0.9377722,0.7707742,1.03034,0.7699644999999999,2.89535,3.8484320000000003
383,9,worst,0.4778939350605668,0.0,7.803109,1.96414,6.363762,1.4306050000000001,7.0750519999999995,1.5634970000000001,2.701866,2.200385,3.099276,2.240897,0.47868900000000003,0.8664116
305,10,worst,0.5364181538648426,0.0,7.765977,1.652166,5.963594,1.226367,7.119109,1.8049920000000002,2.925372,2.464031,3.833218,2.6010579999999996,0.04333509,0.15045150000000002
966,11,worst,0.4877809831383178,0.0,7.759653,2.0271600000000003,6.067372,1.22227,6.962205000000001,1.516788,2.827951,2.3322119999999997,3.446029,2.430745,0.04473795,0.2433914
289,12,worst,0.4500160339092006,0.0,7.746844,2.616551,6.010871,1.270883,6.904129,1.6343210000000001,2.745516,2.252431,3.383547,2.385478,0.35822940000000003,0.07495136000000001
83,13,worst,0.2887046289007944,0.0,7.746367,1.992855,7.711215,1.99945,7.742172999999999,1.999409,0.5316828,0.4400592,0.5942739,0.4477198,2.778454,3.774564
697,14,worst,0.5177504253804895,0.0,7.710356,1.589308,6.167453,1.209579,7.006512,1.452727,2.784687,2.3062519999999997,3.3879960000000002,2.377637,0.2381579,0.5570541
254,15,worst,0.5255101794456644,0.0,7.676814,1.5372759999999999,5.989674,1.20225,7.098185999999999,1.772059,2.83909,2.402787,3.754487,2.5190259999999998,0.07183022,0.1635005
754,16,best,8.639118052582338e-05,0.0,5.4209309999999995,2.196321,5.418109,2.1975990000000003,5.4258750000000004,2.211828,0.04794654,0.055201730000000004,0.6821879000000001,0.2489847,5.226704,4.38634
281,17,best,0.049818015087673584,0.0,5.466294,1.8993699999999998,5.539889,1.920776,5.581735,1.948597,0.7810682999999999,0.47367800000000004,0.7499614,0.4600866,4.462733,3.664402
213,18,best,0.01791304560815584,0.0,5.472334999999999,2.011932,5.476161,2.016147,5.4861189999999995,2.020816,0.2889776,0.18295799999999998,0.462557,0.2410697,4.879046,3.9820550000000003
687,19,best,0.06065886231380782,0.0,5.494917,2.356655,5.505068,2.363603,5.564005000000001,2.382321,0.9173387999999999,0.6233645999999999,0.7412013000000001,0.6124499,5.071276,4.2244909999999996
961,20,best,0.0037132706910640973,0.0,5.50801,1.925149,5.505821,1.931124,5.514483,1.950778,0.07387204,0.06043804,0.789673,0.2243689,4.678242,3.8410189999999997
751,21,best,0.010152154470500276,0.0,5.5201970000000005,1.881708,5.5186399999999995,1.8860160000000001,5.528154,1.901639,0.1712157,0.1086297,0.7218424999999999,0.22466339999999999,4.605106,3.750106
743,22,best,0.03857799260469017,0.0,5.535724999999999,1.8046,5.561662,1.8191920000000001,5.588519,1.838372,0.6130451,0.36173659999999996,0.6795705,0.36487939999999996,4.376366,3.522546
501,23,best,0.01896318760441245,0.0,5.562271,1.747527,5.569206,1.753957,5.58235,1.770764,0.3173068,0.18178840000000002,0.7242019,0.2408763,4.323977999999999,3.4677890000000002
856,24,best,0.04002386493671417,0.0,5.58612,1.657924,5.624782,1.67369,5.653771,1.719238,0.6784593999999999,0.3620042,0.8877457999999999,0.3461015,4.036823,3.228273
136,25,best,0.03305847192333923,0.0,5.59357,1.429042,5.701256,1.440057,5.7220130000000005,1.45903,0.613205,0.282975,0.6585126,0.2724803,3.657951,2.792268
70,26,best,0.04028005302229519,0.0,5.608051,1.628147,5.631229,1.642768,5.659859,1.6750049999999999,0.6756540999999999,0.3605908,0.7826029999999999,0.34705959999999997,4.002001,3.168841
454,27,best,0.040910585801608265,0.0,5.626306,1.567172,5.64891,1.5815240000000002,5.677757,1.621902,0.7078238,0.3603818,0.8315872,0.3373823,3.892375,3.069972
843,28,best,0.032147977320310855,0.0,5.63229,1.55718,5.649273,1.5685040000000001,5.669874,1.587517,0.5549607,0.2852694,0.6901427,0.2861879,3.9122579999999996,3.05133
547,29,best,0.07573602399985067,0.0,5.635464,1.8617249999999999,5.5995870000000005,1.8558189999999999,5.682956,1.9126500000000002,1.127728,0.6852587,0.8507196,0.6371901999999999,4.165901000000001,3.372183
