case,Vx,Vy,Mx,eps_root,eps_root_abaqus,z_root_used,root_strain_under_threshold,bending_dominance_mid,bending_dominance_root,bending_dominance_mid_abaqus,eps_mid_analytical,UR1,UR2,UR3,Phi_FEniCS,m_mid_nd,eps_1d_mid_post,eps_3d_centreline_post,eps_3d_corner_post,corner_x,corner_y,max_eps_1d_beam,z_at_max_eps_1d,n_beam_rows_scanned,axial_1d_post,bending_dominance_strain_mid_abaqus,bending_ok,small_ok,admit_all,relL2_Mises,L2_Mises,L2_over_scale_Mises,relL2_resultant_Mises,relL2_Szz_Mises,relL2_inv_1,L2_inv_1,L2_over_scale_inv_1,relL2_resultant_inv_1,relL2_Szz_inv_1,relL2_J3,L2_J3,L2_over_scale_J3,relL2_resultant_J3,relL2_Szz_J3,relL2_S33,L2_S33,L2_over_scale_S33,relL2_resultant_S33,relL2_Szz_S33,relL2_S13,L2_S13,L2_over_scale_S13,relL2_resultant_S13,relL2_Szz_S13,relL2_S23,L2_S23,L2_over_scale_S23,relL2_resultant_S23,relL2_Szz_S23,relL2_N_resultant,L2_N_resultant,L2_over_scale_N_resultant,relL2_resultant_N_resultant,relL2_Szz_N_resultant,relL2_M_resultant,L2_M_resultant,L2_over_scale_M_resultant,relL2_resultant_M_resultant,relL2_Szz_M_resultant,relL2_Energy,L2_Energy,L2_over_scale_Energy,relL2_resultant_Energy,relL2_Szz_Energy,ELSE_per_length,res_force_1d,res_moment_1d,tavg_force_1d,res_ratio_1d,tavg_fallback_1d,transverse_ratio_3d,transverse_ratio_fen,section_frame,ALLAE,ALLIE,ALLSE,ALLWK,shear_k_factor,SE3_abaqus_over_used,SE2_abaqus_over_used,ALLAE_over_ALLIE
0,9.11658428e-02,-4.65300156e-01,-2.90319674e+01,4.23393695e-03,1.31436819e-03,0.00000000e+00,True,4.28193350e+01,1.10372211e+02,8.91022929e+00,5.16332971e-04,2.90898550e-02,3.41394580e-02,-9.84524300e-03,2.92880242e-03,1.03252517e-01,5.22550236e-04,8.42365938e-06,5.14839069e-04,5.00000000e-01,5.00000000e-01,1.46036011e-03,1.00000000e+02,11,1.38271000e-07,2.92891376e+01,True,True,True,2.86543800e-02,8.17877700e-01,1.36312900e-03,2.86543800e-02,2.92816000e-02,3.25808000e-02,9.04711300e-01,1.50785200e-03,3.16966100e-02,3.23904100e-02,5.95508900e-02,2.63879000e+02,1.22166200e-06,1.13478400e-02,1.21094400e-02,3.21929000e-02,8.99194700e-01,1.49865800e-03,3.15033300e-02,3.21929000e-02,1.67950000e-01,3.51877300e-01,5.86462100e-04,1.23280400e-02,1.25978800e-02,1.47688200e-01,3.48600600e-01,5.81001100e-04,1.22132400e-02,1.24805700e-02,2.60824000e-04,1.23670900e-04,1.23670900e-04,,,2.51300900e-07,1.90712000e-06,1.90712000e-08,,,4.02530000e-02,1.13331200e-04,1.13331200e-04,,,2.81547125e-03,3.53600000e-05,1.31500000e-03,1.86000000e-01,7.45760168e-05,False,2.09102200e-04,6.91409300e-04,beam_UR_at_Z_MID,0.00000000e+00,1.21440291e+00,1.21440291e+00,1.21429932e+00,8.49673203e-01,1.24951952e+00,1.24951942e+00,0.00000000e+00
1,-5.58611701e-02,5.96286965e-01,4.05114519e+01,5.28632271e-03,1.21581534e-03,0.00000000e+00,True,4.77363068e+01,8.74153501e+01,1.30358239e+01,6.74582099e-04,-2.07633430e-02,-2.08812970e-02,-8.41060650e-03,6.54782238e-03,1.34901622e-01,6.84648567e-04,9.78329663e-06,6.72261149e-04,-5.00000000e-01,-5.00000000e-01,2.03694876e-03,1.00000000e+02,11,1.11749970e-07,3.27217254e+01,True,True,True,2.67163600e-02,1.13289000e+00,1.88815000e-03,2.67163600e-02,2.69164400e-02,2.71649900e-02,1.14145700e+00,1.90242900e-03,2.69183900e-02,2.71199800e-02,7.22350500e-02,8.62209900e+02,3.99171200e-06,1.13078800e-02,1.15638500e-02,2.70132100e-02,1.13696300e+00,1.89493800e-03,2.68124100e-02,2.70132100e-02,1.92767900e-01,3.01247900e-01,5.02079900e-04,7.10417300e-03,7.15737700e-03,1.30112600e-01,3.03673200e-01,5.06122000e-04,7.16136700e-03,7.21499900e-03,3.83313000e-04,2.29575100e-04,2.29575100e-04,,,6.93316500e-07,7.91080200e-06,7.91080200e-08,,,4.98871600e-02,3.11130800e-04,3.11130800e-04,,,6.23669155e-03,4.79100000e-04,1.89200000e-03,2.18000000e-01,7.99969499e-04,False,3.10004300e-04,1.05180000e-03,beam_UR_at_Z_MID,0.00000000e+00,2.11368346e+00,2.11368346e+00,2.11329460e+00,8.49673203e-01,1.24951943e+00,1.24951942e+00,0.00000000e+00
3,5.83127476e-01,5.92336684e-01,6.57834308e+01,9.16651003e-03,3.24568649e-03,0.00000000e+00,True,1.28243226e+02,1.27339242e+02,4.13645842e+00,3.26619817e-03,1.21364170e-01,2.04569380e-01,1.38215470e-01,1.28435997e-01,6.53229704e-01,3.11005321e-03,1.75017903e-05,3.48185150e-03,5.00000000e-01,-5.00000000e-01,3.70017629e-03,1.00000000e+02,11,5.00925470e-07,8.38549115e+01,True,True,True,1.77563500e-02,3.45415900e+00,5.75693200e-03,1.77563500e-02,2.04624600e-02,1.43808100e-02,2.46572400e+00,4.10953900e-03,1.26752300e-02,1.46069600e-02,3.58794800e-02,4.10742500e+04,1.90158600e-04,5.57961400e-03,8.53918300e-03,1.85629100e-02,3.13350600e+00,5.22251000e-03,1.61080100e-02,1.85629100e-02,1.71018300e-01,4.42123800e+00,7.36873000e-03,2.27277000e-02,2.61914500e-02,9.58547100e-02,4.68176000e+00,7.80293300e-03,2.40669300e-02,2.77347800e-02,1.27070800e-05,1.05650700e-05,1.05650700e-05,,,2.61098100e-10,1.27512500e-08,1.27512500e-10,,,2.36489600e-03,3.03021200e-04,3.03021200e-04,,,1.28132976e-01,1.27300000e-03,1.15000000e-02,2.62000000e-01,1.53151298e-03,False,1.47419700e-03,4.80923000e-03,beam_UR_at_Z_MID,0.00000000e+00,1.54223204e+01,1.54223204e+01,1.53975086e+01,8.49673203e-01,1.24951936e+00,1.24951930e+00,0.00000000e+00
4,6.70749855e-02,-3.91210964e-01,-1.27413263e+01,2.92850448e-03,1.63657361e-03,0.00000000e+00,True,5.12258500e+01,1.66610465e+02,2.25062477e+01,5.08697014e-04,8.24860560e-02,2.51022020e-02,-3.16329810e-03,2.70192597e-03,1.01729712e-01,4.92572257e-04,7.23135532e-06,5.15054035e-04,-5.00000000e-01,5.00000000e-01,1.63657361e-03,0.00000000e+00,11,2.83807760e-07,3.37653627e+01,True,True,True,2.61314000e-02,7.47938900e-01,1.24656500e-03,2.61314000e-02,2.63847300e-02,2.64586500e-02,7.55014200e-01,1.25835700e-03,2.63785900e-02,2.66343200e-02,7.19349100e-02,3.09371600e+02,1.43227600e-06,1.31938000e-02,1.35812600e-02,2.64841400e-02,7.50756800e-01,1.25126100e-03,2.62298500e-02,2.64841400e-02,7.82199900e-02,1.17005300e-01,1.95008800e-04,4.08791700e-03,4.12754700e-03,5.84296900e-02,1.27069800e-01,2.11783000e-04,4.43954800e-03,4.48258800e-03,2.22986400e-04,8.85075300e-05,8.85075300e-05,,,1.01365700e-07,7.44216800e-07,7.44216800e-09,,,5.03355500e-02,1.43211600e-04,1.43211600e-04,,,2.84513753e-03,4.26400000e-06,6.70300000e-05,1.53000000e-01,1.07427331e-05,False,2.51778100e-04,6.68570400e-04,beam_UR_at_Z_MID,0.00000000e+00,9.34355140e-01,9.34355140e-01,9.35599506e-01,8.49673203e-01,1.24951965e+00,1.24951951e+00,0.00000000e+00
5,-1.17637332e-01,-5.04046205e-01,-3.29703432e+01,4.75694438e-03,1.44016069e-03,0.00000000e+00,True,5.06684934e+01,1.08383157e+02,8.21328763e+00,6.82561432e-04,2.37535350e-02,-4.40009500e-02,1.44102420e-02,5.14947558e-03,1.36498995e-01,6.86884382e-04,9.36706865e-06,6.80504487e-04,-5.00000000e-01,5.00000000e-01,1.66952284e-03,1.00000000e+02,11,1.43815270e-07,3.43851033e+01,True,True,True,2.36561900e-02,8.99523600e-01,1.49920600e-03,2.36561900e-02,2.42804600e-02,2.69745100e-02,9.92262000e-01,1.65377000e-03,2.60950800e-02,2.67837100e-02,4.69908300e-02,4.83914000e+02,2.24034300e-06,8.80166400e-03,9.51702600e-03,2.65343100e-02,9.83022400e-01,1.63837100e-03,2.58520900e-02,2.65343100e-02,1.74692600e-01,5.13150600e-01,8.55251000e-04,1.34951300e-02,1.38512600e-02,1.43214500e-01,5.06837600e-01,8.44729300e-04,1.33291100e-02,1.36808500e-02,4.44744500e-04,2.30220500e-04,2.30220500e-04,,,9.30054800e-07,9.34398800e-06,9.34398800e-08,,,3.22258300e-02,1.60765300e-04,1.60765300e-04,,,4.98871023e-03,4.51200000e-04,2.12800000e-03,2.08000000e-01,8.71729669e-04,False,2.81610900e-04,9.17459700e-04,beam_UR_at_Z_MID,0.00000000e+00,1.60936725e+00,1.60936725e+00,1.60909903e+00,8.49673203e-01,1.24951945e+00,1.24951950e+00,0.00000000e+00
6,1.55260088e-01,-5.60487590e-01,-3.63918253e+01,5.39834079e-03,1.73395445e-03,0.00000000e+00,True,5.20073163e+01,1.13435793e+02,6.76670955e+00,8.06597050e-04,2.74874750e-02,5.80416660e-02,-2.09593800e-02,7.18402390e-03,1.61304502e-01,8.08611201e-04,1.08021699e-05,8.04253901e-04,5.00000000e-01,5.00000000e-01,1.85878152e-03,1.00000000e+02,11,2.04909550e-07,3.50799857e+01,True,True,True,2.30516500e-02,1.04055200e+00,1.73425300e-03,2.30516500e-02,2.39835100e-02,2.60310800e-02,1.11735700e+00,1.86226200e-03,2.47531400e-02,2.57537800e-02,4.08926800e-02,6.95509300e+02,3.21995100e-06,7.56167700e-03,8.51628000e-03,2.54214400e-02,1.10293800e+00,1.83823000e-03,2.44337100e-02,2.54214400e-02,1.69292600e-01,7.43493700e-01,1.23915600e-03,1.64708400e-02,1.71366600e-02,1.45361800e-01,7.34270800e-01,1.22378500e-03,1.62665200e-02,1.69240900e-02,6.34082700e-04,3.68755100e-04,3.68755100e-04,,,1.01300200e-06,1.19600300e-05,1.19600300e-07,,,2.56142000e-02,1.79417400e-04,1.79417400e-04,,,7.00460653e-03,2.72700000e-04,2.41800000e-03,2.39000000e-01,4.68883478e-04,False,3.31695500e-04,1.08253500e-03,beam_UR_at_Z_MID,0.00000000e+00,2.09954453e+00,2.09954453e+00,2.09905672e+00,8.49673203e-01,1.24951955e+00,1.24951958e+00,0.00000000e+00
7,-4.53625016e-01,-5.52571900e-01,-4.79712240e+01,7.42956177e-03,2.52368805e-03,0.00000000e+00,True,9.86743995e+01,1.20748197e+02,4.83886285e+00,2.15124922e-03,-3.90891020e-02,-1.65400400e-01,7.93721400e-02,5.28193948e-02,4.30238798e-01,2.10135006e-03,1.48028384e-05,2.22308940e-03,-5.00000000e-01,5.00000000e-01,2.58359549e-03,1.00000000e+02,11,4.78304900e-07,6.54408020e+01,True,True,True,3.06684000e-02,3.81799200e+00,6.36332100e-03,3.06684000e-02,3.37941800e-02,1.45397500e-02,1.63929000e+00,2.73215100e-03,1.31677600e-02,1.45098400e-02,2.74141400e-02,8.98334700e+03,4.15895700e-05,4.65592800e-03,6.22957800e-03,1.57377100e-02,1.77801200e+00,2.96335400e-03,1.42820600e-02,1.57377100e-02,1.53384500e-01,2.64852600e+00,4.41420900e-03,2.12745400e-02,2.34428800e-02,1.15339600e-01,2.75598400e+00,4.59330700e-03,2.21377100e-02,2.43940300e-02,5.22989700e-08,3.73893000e-08,3.73893000e-08,,,1.02344500e-12,3.22975100e-11,3.22975100e-13,,,1.50821700e-03,7.95431100e-05,7.95431100e-05,,,5.27398517e-02,5.98300000e-05,1.39800000e-03,2.43000000e-01,8.36876237e-05,False,9.41801900e-04,3.03940000e-03,beam_UR_at_Z_MID,0.00000000e+00,7.31015444e+00,7.31015444e+00,7.30444384e+00,8.49673203e-01,1.24951958e+00,1.24951947e+00,0.00000000e+00
8,7.15425809e-02,-5.26305543e-01,-3.81252626e+01,4.89551232e-03,1.06448449e-03,0.00000000e+00,True,5.93942246e+01,8.36058096e+01,1.27130622e+01,7.69410244e-04,6.38273500e-03,2.67315530e-02,-1.01759150e-02,8.08720343e-03,1.53871145e-01,7.77041103e-04,8.88747717e-06,7.68818845e-04,5.00000000e-01,5.00000000e-01,1.92164079e-03,1.00000000e+02,11,4.20179450e-08,4.04743060e+01,True,True,True,2.13501400e-02,1.01201800e+00,1.68669700e-03,2.13501400e-02,2.15281500e-02,2.17751100e-02,1.02136800e+00,1.70228000e-03,2.15473900e-02,2.17270500e-02,5.46232200e-02,9.33621000e+02,4.32231900e-06,8.76612900e-03,8.98722600e-03,2.15897700e-02,1.01491500e+00,1.69152500e-03,2.14112600e-02,2.15897700e-02,2.04992700e-01,3.62333800e-01,6.03889600e-04,7.64401000e-03,7.70774200e-03,1.31530700e-01,3.61953100e-01,6.03255200e-04,7.63598000e-03,7.69964500e-03,5.42902600e-04,2.88358300e-04,2.88358300e-04,,,4.74623000e-07,6.01636100e-06,6.01636100e-08,,,3.84843200e-02,2.99696900e-04,2.99696900e-04,,,7.78750654e-03,2.85900000e-05,7.19400000e-04,2.00000000e-01,5.38270278e-05,False,3.51929000e-04,1.16699800e-03,beam_UR_at_Z_MID,0.00000000e+00,1.94990063e+00,1.94990063e+00,1.93757105e+00,8.49673203e-01,1.24951937e+00,1.24951950e+00,0.00000000e+00
9,-3.41587472e-01,-5.97589626e-01,-4.84092092e+01,7.11636050e-03,2.20473406e-03,0.00000000e+00,True,8.74966498e+01,1.11820888e+02,5.22180213e+00,1.78051321e-03,-2.20658090e-02,-1.25770170e-01,6.10228370e-02,3.61538948e-02,3.56091015e-01,1.75171271e-03,1.37907708e-05,1.81294925e-03,-5.00000000e-01,5.00000000e-01,2.57999775e-03,1.00000000e+02,11,2.74673080e-07,5.77308396e+01,True,True,True,1.96414000e-02,2.01307700e+00,3.35512800e-03,1.96414000e-02,2.11761400e-02,1.55737500e-02,1.46624800e+00,2.44374700e-03,1.43060500e-02,1.54238900e-02,2.63614600e-02,4.90463000e+03,2.27066200e-05,4.55556600e-03,5.70907500e-03,1.56349700e-02,1.48631400e+00,2.47719100e-03,1.45018300e-02,1.56349700e-02,1.75514600e-01,2.09176100e+00,3.48626900e-03,2.04091200e-02,2.20038500e-02,1.21459700e-01,2.13027400e+00,3.55045700e-03,2.07848800e-02,2.24089700e-02,5.22668600e-07,3.59980200e-07,3.59980200e-07,,,8.88051800e-12,2.32817000e-10,2.32817000e-12,,,8.66411600e-03,3.10550900e-04,3.10550900e-04,,,3.58433439e-02,4.24900000e-03,9.83300000e-03,3.14000000e-01,6.17292966e-03,False,7.71280700e-04,2.50366700e-03,beam_UR_at_Z_MID,0.00000000e+00,5.50062513e+00,5.50062513e+00,5.49315596e+00,8.49673203e-01,1.24951960e+00,1.24951953e+00,0.00000000e+00
10,-5.81754233e-01,5.11450961e-01,6.23686319e+01,8.58447390e-03,3.45598002e-03,0.00000000e+00,True,1.39076844e+02,1.46497149e+02,4.41921632e+00,3.29423235e-03,1.33307370e-01,-2.03782450e-01,-1.30624310e-01,1.27653894e-01,6.58837955e-01,3.13989020e-03,1.62229256e-05,3.52848195e-03,-5.00000000e-01,-5.00000000e-01,3.47506788e-03,1.00000000e+02,11,5.14210100e-07,9.18093414e+01,True,True,True,1.65216600e-02,3.20149500e+00,5.33582500e-03,1.65216600e-02,1.89164200e-02,1.37181100e-02,2.37640000e+00,3.96066700e-03,1.22636700e-02,1.40412500e-02,3.44448100e-02,3.98551400e+04,1.84514500e-04,5.47755800e-03,8.22134700e-03,1.80499200e-02,3.05484400e+00,5.09140600e-03,1.57648500e-02,1.80499200e-02,1.66694600e-01,4.17022900e+00,6.95038100e-03,2.15209200e-02,2.46403100e-02,9.05534600e-02,4.40214000e+00,7.33690100e-03,2.27177200e-02,2.60105800e-02,1.56762400e-05,1.21456200e-05,1.21456200e-05,,,2.86201300e-10,1.39887600e-08,1.39887600e-10,,,1.50451500e-03,1.91768600e-04,1.91768600e-04,,,1.27462125e-01,1.00900000e-03,9.33200000e-03,2.46000000e-01,1.30259161e-03,False,1.48433300e-03,4.76667800e-03,beam_UR_at_Z_MID,0.00000000e+00,1.50100136e+01,1.50100136e+01,1.49731808e+01,8.49673203e-01,1.24951948e+00,1.24951937e+00,0.00000000e+00
11,-4.74590369e-01,-5.36163010e-01,-5.18096413e+01,7.64426464e-03,2.33507961e-03,0.00000000e+00,True,1.11259757e+02,1.12480523e+02,4.83921041e+00,2.43659967e-03,-6.56442940e-02,-1.71654940e-01,8.96437300e-02,6.78343342e-02,4.87310093e-01,2.36840887e-03,1.48599563e-05,2.53829214e-03,-5.00000000e-01,5.00000000e-01,2.81260981e-03,1.00000000e+02,11,4.27862600e-07,7.35983243e+01,True,True,True,2.02716000e-02,2.85845000e+00,4.76408400e-03,2.02716000e-02,2.24323900e-02,1.34855000e-02,1.72349400e+00,2.87249000e-03,1.22227000e-02,1.35255400e-02,2.80912500e-02,1.32649000e+04,6.14115700e-05,4.73124900e-03,6.41119000e-03,1.51678800e-02,1.93276900e+00,3.22128200e-03,1.37068400e-02,1.51678800e-02,1.62428600e-01,2.97182400e+00,4.95304000e-03,2.10756200e-02,2.33221200e-02,1.06533500e-01,3.09738000e+00,5.16230000e-03,2.19660400e-02,2.43074500e-02,1.62295000e-06,1.16208900e-06,1.16208900e-06,,,2.67235300e-11,9.55908600e-10,9.55908600e-12,,,2.43391400e-03,1.64702100e-04,1.64702100e-04,,,6.76696321e-02,3.71700000e-05,1.53500000e-03,2.44000000e-01,5.19108363e-05,False,1.04640200e-03,3.44649500e-03,beam_UR_at_Z_MID,0.00000000e+00,8.78738403e+00,8.78738403e+00,8.78063393e+00,8.49673203e-01,1.24951954e+00,1.24951940e+00,0.00000000e+00
12,-5.12316820e-01,-4.73905756e-01,-4.78214371e+01,7.32220032e-03,2.57881274e-03,0.00000000e+00,True,1.16392801e+02,1.20886762e+02,4.97980373e+00,2.48714541e-03,-6.90682500e-02,-1.84973550e-01,8.88546800e-02,6.93369155e-02,4.97419903e-01,2.41541525e-03,1.43610821e-05,2.61747656e-03,-5.00000000e-01,5.00000000e-01,2.57904019e-03,1.00000000e+02,11,5.59153530e-07,7.77083158e+01,True,True,True,2.61655100e-02,3.73470400e+00,6.22450600e-03,2.61655100e-02,2.90224600e-02,1.39616000e-02,1.81398100e+00,3.02330100e-03,1.27088300e-02,1.40964800e-02,3.02638800e-02,1.50631300e+04,6.97367100e-05,5.18005200e-03,7.06886100e-03,1.63432100e-02,2.10309600e+00,3.50516100e-03,1.47343900e-02,1.63432100e-02,1.45332800e-01,2.89850100e+00,4.83083500e-03,2.03070300e-02,2.25243100e-02,1.04278100e-01,3.06970900e+00,5.11618200e-03,2.15065200e-02,2.38547800e-02,4.30916100e-07,3.00731500e-07,3.00731500e-07,,,6.56702400e-12,2.37767100e-10,2.37767100e-12,,,7.49513600e-04,5.20079400e-05,5.20079400e-05,,,6.93889234e-02,8.08300000e-05,1.15700000e-03,2.26000000e-01,1.15819981e-04,False,1.13208600e-03,3.47674700e-03,beam_UR_at_Z_MID,0.00000000e+00,8.85553455e+00,8.85553455e+00,8.83614731e+00,8.49673203e-01,1.24951954e+00,1.24951950e+00,0.00000000e+00
13,4.19946496e-02,-3.88907913e-01,-2.89546204e+01,3.60224988e-03,6.94527471e-04,0.00000000e+00,True,6.21715989e+01,7.57031890e+01,2.01329185e+01,5.80485401e-04,9.20143000e-04,1.57095230e-02,-4.54318520e-03,4.97081051e-03,1.16089572e-01,5.88166882e-04,6.46263128e-06,5.80115241e-04,5.00000000e-01,5.00000000e-01,1.44748844e-03,1.00000000e+02,11,7.21624940e-09,4.26764655e+01,True,True,True,1.99285500e-02,7.40281700e-01,1.23380300e-03,1.99285500e-02,1.99844000e-02,2.00645500e-02,7.42731600e-01,1.23788600e-03,1.99945000e-02,2.00505400e-02,5.48786800e-02,4.34250300e+02,2.01041800e-06,8.47181300e-03,8.54324100e-03,1.99940900e-02,7.40640300e-01,1.23440100e-03,1.99382100e-02,1.99940900e-02,2.14495600e-01,1.63011000e-01,2.71685000e-04,4.38829300e-03,4.40059200e-03,1.28353800e-01,1.65848700e-01,2.76414500e-04,4.46468500e-03,4.47719800e-03,4.18209000e-04,1.63590600e-04,1.63590600e-04,,,5.92777500e-07,5.90343500e-06,5.90343500e-08,,,3.77456400e-02,1.80802000e-04,1.80802000e-04,,,4.79000856e-03,6.56400000e-05,2.44800000e-04,1.44000000e-01,1.67804857e-04,False,2.68940000e-04,9.17720500e-04,beam_UR_at_Z_MID,0.00000000e+00,1.11496508e+00,1.11496508e+00,1.11478138e+00,8.49673203e-01,1.24951946e+00,1.24951938e+00,0.00000000e+00
14,4.33705628e-01,5.78482374e-01,5.59960081e+01,7.86075571e-03,2.13882007e-03,0.00000000e+00,True,1.11161709e+02,1.03103662e+02,4.87583625e+00,2.43790786e-03,7.05895200e-02,1.56823140e-01,8.90416000e-02,6.93395184e-02,4.87571708e-01,2.37072801e-03,1.51651502e-05,2.52903164e-03,5.00000000e-01,-5.00000000e-01,3.05275923e-03,1.00000000e+02,11,2.67400700e-07,7.29406279e+01,True,True,True,1.58930800e-02,2.26148200e+00,3.76913700e-03,1.58930800e-02,1.74739300e-02,1.32981800e-02,1.72115200e+00,2.86858700e-03,1.20957900e-02,1.32989400e-02,2.81004400e-02,1.34327300e+04,6.21885800e-05,4.66239800e-03,6.19665300e-03,1.45272700e-02,1.88012300e+00,3.13353800e-03,1.32129900e-02,1.45272700e-02,1.81579200e-01,2.98475800e+00,4.97459700e-03,2.09760700e-02,2.30625200e-02,1.05399200e-01,3.07714500e+00,5.12857400e-03,2.16253400e-02,2.37763700e-02,4.66140900e-06,3.37025600e-06,3.37025600e-06,,,7.74670000e-11,2.80455200e-09,2.80455200e-11,,,5.57054100e-03,3.84118900e-04,3.84118900e-04,,,6.89553996e-02,6.54100000e-05,2.49000000e-03,2.47000000e-01,9.04691007e-05,False,1.03780400e-03,3.48609000e-03,beam_UR_at_Z_MID,0.00000000e+00,8.95527267e+00,8.95527267e+00,8.94691658e+00,8.49673203e-01,1.24951935e+00,1.24951929e+00,0.00000000e+00
15,5.74271569e-01,-4.86697759e-01,-6.27423797e+01,8.44198127e-03,3.55672663e-03,0.00000000e+00,True,1.45993643e+02,1.55517642e+02,4.52831703e+00,3.35609287e-03,-1.44276960e-01,2.00493160e-01,-1.29805640e-01,1.32571112e-01,6.71210702e-01,3.19654322e-03,1.58317297e-05,3.60042342e-03,5.00000000e-01,5.00000000e-01,3.55672663e-03,0.00000000e+00,11,4.68048650e-07,9.64794178e+01,True,True,True,1.53727600e-02,3.03382100e+00,5.05636800e-03,1.53727600e-02,1.75613300e-02,1.33672200e-02,2.37264600e+00,3.95441100e-03,1.20225000e-02,1.37341100e-02,3.38535200e-02,4.13760100e+04,1.91555600e-04,5.38312100e-03,8.02511100e-03,1.77205900e-02,3.06133300e+00,5.10222200e-03,1.55121700e-02,1.77205900e-02,1.70147400e-01,4.15095300e+00,6.91825500e-03,2.10334100e-02,2.40278700e-02,8.70164300e-02,4.35176200e+00,7.25293600e-03,2.20509300e-02,2.51902600e-02,2.12305100e-05,1.59853500e-05,1.59853500e-05,,,3.69413300e-10,1.84313400e-08,1.84313400e-10,,,1.63500500e-03,2.16400600e-04,2.16400600e-04,,,1.32354711e-01,1.10800000e-03,9.02800000e-03,2.43000000e-01,1.47189729e-03,False,1.49924300e-03,4.84985700e-03,beam_UR_at_Z_MID,0.00000000e+00,1.53626366e+01,1.53626366e+01,1.53236465e+01,8.49673203e-01,1.24951924e+00,1.24951938e+00,0.00000000e+00
16,2.10598318e-04,-5.25727698e-01,-1.40440432e+01,3.33190338e-03,1.89818776e-03,0.00000000e+00,True,5.37626900e+01,1.69147305e+02,8.94547376e+01,6.12696565e-04,1.25435320e-01,7.85647060e-05,-1.08365075e-05,6.90240459e-03,1.22528716e-01,5.88506030e-04,8.56125233e-06,6.06139659e-04,-5.00000000e-01,5.00000000e-01,1.89818776e-03,0.00000000e+00,11,5.50792440e-07,3.53585310e+01,True,True,True,2.19632100e-02,1.00117000e+00,1.66861700e-03,2.19632100e-02,2.23135100e-02,2.19806600e-02,1.00175300e+00,1.66958800e-03,2.19759900e-02,2.23265000e-02,6.44243300e-02,8.72476300e+02,4.03924200e-06,9.21121700e-03,9.65903300e-03,2.21182800e-02,9.92410500e-01,1.65401700e-03,2.17710400e-02,2.21182800e-02,9.70964400e-01,2.47681000e-02,4.12801700e-05,5.43351000e-04,5.52017300e-04,1.97606900e-02,1.11715300e-01,1.86192100e-04,2.45075800e-03,2.48984700e-03,4.13819200e-04,2.17556700e-04,2.17556700e-04,,,4.11647200e-08,4.83539700e-07,4.83539700e-09,,,4.38634000e-02,3.16652400e-04,3.16652400e-04,,,7.21905701e-03,3.84500000e-05,1.52700000e-07,1.76000000e-01,7.31367152e-05,False,3.67779500e-04,1.08592500e-03,beam_UR_at_Z_MID,0.00000000e+00,1.85528398e+00,1.85528398e+00,1.86325562e+00,8.49673203e-01,1.24951965e+00,1.24951968e+00,0.00000000e+00
17,1.39579588e-01,-5.05465023e-01,-1.30091861e+01,3.87569496e-03,2.53540703e-03,0.00000000e+00,True,6.88433403e+01,1.84227956e+02,2.20667123e+01,9.62202973e-04,1.22759460e-01,5.19865080e-02,-6.64141260e-03,9.27739915e-03,1.92430444e-01,9.28493797e-04,1.01960159e-05,9.94240704e-04,-5.00000000e-01,5.00000000e-01,2.53540703e-03,0.00000000e+00,11,5.79451100e-07,4.54008358e+01,True,True,True,1.89937000e-02,1.00048100e+00,1.66746900e-03,1.89937000e-02,1.93837300e-02,1.92790400e-02,1.01175700e+00,1.68626100e-03,1.92077600e-02,1.96021800e-02,5.54407300e-02,1.53842200e+03,7.12232200e-06,1.05263400e-02,1.11882000e-02,1.94859700e-02,1.00575800e+00,1.67626400e-03,1.90938900e-02,1.94859700e-02,5.76727600e-02,2.44486500e-01,4.07477500e-04,4.64147000e-03,4.73678000e-03,4.11329500e-02,2.37471400e-01,3.95785700e-04,4.50829100e-03,4.60086600e-03,5.84102600e-04,3.06301000e-04,3.06301000e-04,,,1.55418200e-07,2.11424300e-06,2.11424300e-08,,,3.66440200e-02,3.52892600e-04,3.52892600e-04,,,9.63029171e-03,1.39300000e-04,6.63600000e-04,2.15000000e-01,2.65645617e-04,False,4.46656000e-04,1.23544300e-03,beam_UR_at_Z_MID,0.00000000e+00,2.08892822e+00,2.08892822e+00,2.09669948e+00,8.49673203e-01,1.24951973e+00,1.24951960e+00,0.00000000e+00
18,-4.70233341e-02,-3.29065203e-01,-8.47504162e+00,2.30420197e-03,1.44220496e-03,0.00000000e+00,True,6.33814661e+01,1.78766081e+02,4.17638665e+01,5.16501401e-04,8.06062200e-02,-1.75913610e-02,1.47788800e-03,3.27421144e-03,1.03293852e-01,5.03502756e-04,5.93405358e-06,5.20779734e-04,5.00000000e-01,5.00000000e-01,1.44220496e-03,0.00000000e+00,11,2.28790980e-07,4.20970345e+01,True,True,True,2.01193200e-02,6.30385200e-01,1.05064200e-03,2.01193200e-02,2.02667900e-02,2.01751200e-02,6.31705900e-01,1.05284300e-03,2.01614700e-02,2.03092500e-02,5.75100700e-02,2.89256200e+02,1.33914900e-06,9.40382800e-03,9.61212500e-03,2.02081600e-02,6.28561700e-01,1.04760300e-03,2.00611200e-02,2.02081600e-02,6.19858200e-02,5.69079100e-02,9.48465100e-05,1.81626800e-03,1.82958000e-03,3.05425900e-02,7.49831400e-02,1.24971900e-04,2.39315600e-03,2.41069700e-03,3.12407400e-04,1.03846600e-04,1.03846600e-04,,,3.96232500e-08,3.20521800e-07,3.20521800e-09,,,3.98205500e-02,1.35788100e-04,1.35788100e-04,,,3.40999951e-03,1.20800000e-06,1.53800000e-05,1.26000000e-01,3.63408785e-06,False,2.51314100e-04,7.42397100e-04,beam_UR_at_Z_MID,0.00000000e+00,7.96738386e-01,7.96738386e-01,7.98117220e-01,8.49673203e-01,1.24951958e+00,1.24951949e+00,0.00000000e+00
19,1.15861359e-01,-3.90669505e-01,-1.29949808e+01,3.18241282e-03,1.86205677e-03,0.00000000e+00,True,5.61810814e+01,1.71565697e+02,1.71222805e+01,6.16626953e-04,8.09028900e-02,4.33343720e-02,-5.56713060e-03,3.61618289e-03,1.23315624e-01,5.97392574e-04,7.93929157e-06,6.29670615e-04,-5.00000000e-01,5.00000000e-01,1.86205677e-03,0.00000000e+00,11,3.06326030e-07,3.70439151e+01,True,True,True,2.35665500e-02,7.77433700e-01,1.29572300e-03,2.35665500e-02,2.38788400e-02,2.37928300e-02,7.79725500e-01,1.29954300e-03,2.36360300e-02,2.39492300e-02,6.41172800e-02,4.63281400e+02,2.14482100e-06,1.29045600e-02,1.34243800e-02,2.38232100e-02,7.75622600e-01,1.29270400e-03,2.35116500e-02,2.38232100e-02,7.59106400e-02,2.02951500e-01,3.38252600e-04,6.15212400e-03,6.23364600e-03,9.37124100e-02,1.99398000e-01,3.32330000e-04,6.04440400e-03,6.12449900e-03,3.04247800e-04,1.23976800e-04,1.23976800e-04,,,1.61692100e-07,1.37186600e-06,1.37186600e-08,,,4.22449100e-02,1.59503500e-04,1.59503500e-04,,,3.77568643e-03,2.15500000e-05,2.33700000e-04,1.69000000e-01,5.28849855e-05,False,3.00929900e-04,7.66673700e-04,beam_UR_at_Z_MID,0.00000000e+00,1.06183934e+00,1.06183934e+00,1.06253028e+00,8.49673203e-01,1.24951961e+00,1.24951953e+00,0.00000000e+00
20,1.11534337e-02,5.65068296e-01,1.31577277e+01,3.53900604e-03,2.18471418e-03,0.00000000e+00,True,6.26896450e+01,1.78074260e+02,7.62234826e+01,7.82717724e-04,-1.43918680e-01,4.14990170e-03,5.34631140e-04,1.04824203e-02,1.56533588e-01,7.51288297e-04,9.38381281e-06,7.75333783e-04,-5.00000000e-01,-5.00000000e-01,2.18471418e-03,0.00000000e+00,11,6.79303200e-07,4.12907209e+01,True,True,True,1.92514900e-02,1.07845200e+00,1.79741900e-03,1.92514900e-02,1.96544400e-02,1.93142600e-02,1.08179900e+00,1.80299800e-03,1.93112400e-02,1.97154400e-02,5.66562000e-02,1.42839100e+03,6.61292200e-06,8.12528300e-03,8.64623300e-03,1.95077800e-02,1.07040400e+00,1.78400700e-03,1.91078400e-02,1.95077800e-02,9.09839700e-02,3.31627400e-02,5.52712400e-05,5.91989900e-04,6.04380400e-04,1.55454000e-02,1.23112600e-01,2.05187700e-04,2.19769000e-03,2.24368900e-03,5.84252800e-04,3.30210000e-04,3.30210000e-04,,,5.94670600e-08,8.60869300e-07,8.60869300e-09,,,3.84101900e-02,4.18714700e-04,4.18714700e-04,,,1.09011350e-02,4.91700000e-05,4.95000000e-05,1.92000000e-01,8.69990847e-05,False,4.44567400e-04,1.33804600e-03,beam_UR_at_Z_MID,0.00000000e+00,2.39576554e+00,2.39576554e+00,2.40950012e+00,8.49673203e-01,1.24951977e+00,1.24951977e+00,0.00000000e+00
21,3.11947398e-02,-5.11331382e-01,-1.17317896e+01,3.29923056e-03,2.09334906e-03,0.00000000e+00,True,6.54822060e+01,1.80866821e+02,5.49123159e+01,7.69770699e-04,1.31413430e-01,1.16203990e-02,-1.33933520e-03,8.98430386e-03,1.53945165e-01,7.42591186e-04,8.75902930e-06,7.70556478e-04,-5.00000000e-01,5.00000000e-01,2.09334906e-03,0.00000000e+00,11,5.64616640e-07,4.32566938e+01,True,True,True,1.88170800e-02,9.75452300e-01,1.62575400e-03,1.88170800e-02,1.91497100e-02,1.88657500e-02,9.77685100e-01,1.62947500e-03,1.88601600e-02,1.91935400e-02,5.53477800e-02,1.13128400e+03,5.23742600e-06,8.12101900e-03,8.55933700e-03,1.90163900e-02,9.68661400e-01,1.61443600e-03,1.86860800e-02,1.90163900e-02,5.94084900e-02,5.53340700e-02,9.22234400e-05,1.06742900e-03,1.08629700e-03,1.71105300e-02,1.14439600e-01,1.90732600e-04,2.20761100e-03,2.24663400e-03,5.53368200e-04,2.83486000e-04,2.83486000e-04,,,5.62853100e-08,7.54314700e-07,7.54314700e-09,,,3.75010600e-02,3.50048100e-04,3.50048100e-04,,,9.33435192e-03,1.15900000e-04,1.18200000e-04,1.81000000e-01,2.26242557e-04,False,4.10566100e-04,1.23736400e-03,beam_UR_at_Z_MID,0.00000000e+00,2.00839233e+00,2.00839233e+00,2.01796675e+00,8.49673203e-01,1.24951972e+00,1.24951972e+00,0.00000000e+00
22,-1.19272474e-01,4.67372646e-01,1.11316464e+01,3.48981949e-03,2.34282680e-03,0.00000000e+00,True,7.15959365e+01,1.86980552e+02,2.74757821e+01,9.10074861e-04,-1.18153350e-01,-4.44448700e-02,-4.86993650e-03,8.67000458e-03,1.82006096e-01,8.81126281e-04,9.28396749e-06,9.35712779e-04,5.00000000e-01,-5.00000000e-01,2.34282680e-03,0.00000000e+00,11,5.06377500e-07,4.73699718e+01,True,True,True,1.80460000e-02,9.18102300e-01,1.53017000e-03,1.80460000e-02,1.83630100e-02,1.82316100e-02,9.25525800e-01,1.54254300e-03,1.81919200e-02,1.85114900e-02,5.26309700e-02,1.27187800e+03,5.88832400e-06,9.65862900e-03,1.01766300e-02,1.83837200e-02,9.19138000e-01,1.53189700e-03,1.80663600e-02,1.83837200e-02,5.35122400e-02,1.80858800e-01,3.01431300e-04,3.55491900e-03,3.61736600e-03,3.29705700e-02,1.82430100e-01,3.04050200e-04,3.58580400e-03,3.64879400e-03,5.81647300e-04,2.80566200e-04,2.80566200e-04,,,1.15628100e-07,1.52135600e-06,1.52135600e-08,,,3.52254600e-02,3.16555700e-04,3.16555700e-04,,,8.98656026e-03,1.84300000e-04,4.26600000e-04,1.96000000e-01,3.82086389e-04,False,4.18963500e-04,1.19803100e-03,beam_UR_at_Z_MID,0.00000000e+00,1.85247505e+00,1.85247505e+00,1.85927737e+00,8.49673203e-01,1.24951975e+00,1.24951961e+00,0.00000000e+00
23,6.61290691e-02,4.93777972e-01,1.04568076e+01,3.32238666e-03,2.24207348e-03,0.00000000e+00,True,7.22862210e+01,1.87670836e+02,4.29770895e+01,8.76969177e-04,-1.31179400e-01,2.46186050e-02,2.53100740e-03,9.93773243e-03,1.75385445e-01,8.47984340e-04,8.96334815e-06,8.88667779e-04,-5.00000000e-01,-5.00000000e-01,2.24207348e-03,0.00000000e+00,11,5.54809050e-07,4.78493765e+01,True,True,True,1.74752700e-02,9.51421300e-01,1.58570200e-03,1.74752700e-02,1.77953000e-02,1.75502900e-02,9.54921800e-01,1.59153600e-03,1.75395700e-02,1.78607700e-02,5.14587500e-02,1.30421800e+03,6.03804700e-06,8.08171700e-03,8.53389400e-03,1.77076400e-02,9.46735000e-01,1.57789200e-03,1.73892000e-02,1.77076400e-02,4.99450500e-02,9.71927400e-02,1.61987900e-04,1.78519200e-03,1.81788400e-03,1.85967000e-02,1.28783900e-01,2.14639900e-04,2.36544500e-03,2.40876300e-03,6.32036000e-04,3.14874700e-04,3.14874700e-04,,,8.30980600e-08,1.17115700e-06,1.17115700e-08,,,3.46778900e-02,3.56999600e-04,3.56999600e-04,,,1.02947320e-02,5.15300000e-05,1.73400000e-04,1.87000000e-01,1.03435170e-04,False,4.30048300e-04,1.29661800e-03,beam_UR_at_Z_MID,0.00000000e+00,2.04584646e+00,2.04584646e+00,2.05548668e+00,8.49673203e-01,1.24951972e+00,1.24951965e+00,0.00000000e+00
24,1.60795216e-01,-5.93227110e-01,-1.17713202e+01,4.35869295e-03,3.11622697e-03,0.00000000e+00,True,7.93583810e+01,1.94742996e+02,2.81094708e+01,1.29654127e-03,1.60131600e-01,5.95288200e-02,-6.83761900e-03,1.76261049e-02,2.59297961e-01,1.24287559e-03,1.19203608e-05,1.34890743e-03,-5.00000000e-01,5.00000000e-01,3.11622697e-03,0.00000000e+00,11,8.72324700e-07,5.22896184e+01,True,True,True,1.65792400e-02,1.20086900e+00,2.00144800e-03,1.65792400e-02,1.70914700e-02,1.67720100e-02,1.21228800e+00,2.02048100e-03,1.67369000e-02,1.72540000e-02,4.99025700e-02,3.41920200e+03,1.58296400e-05,8.99771400e-03,9.85771500e-03,1.71923800e-02,1.20795900e+00,2.01326500e-03,1.66771300e-02,1.71923800e-02,4.39154900e-02,2.54348800e-01,4.23914700e-04,3.51155000e-03,3.62004200e-03,2.26443200e-02,2.43175400e-01,4.05292300e-04,3.35728900e-03,3.46101500e-03,1.91669600e-06,1.17807700e-06,1.17807700e-06,,,1.62732900e-11,3.05305300e-10,3.05305300e-12,,,3.22827300e-02,5.88001100e-04,5.88001100e-04,,,1.82141060e-02,9.18900000e-05,1.42500000e-04,2.52000000e-01,1.49503894e-04,False,5.89309500e-04,1.73021500e-03,beam_UR_at_Z_MID,0.00000000e+00,3.35801101e+00,3.35801101e+00,3.38157797e+00,8.49673203e-01,1.24951985e+00,1.24951986e+00,0.00000000e+00
25,1.75237656e-01,4.24749255e-01,7.12292664e+00,3.35609348e-03,2.60374111e-03,0.00000000e+00,True,8.79881460e+01,2.03372761e+02,3.67858594e+01,1.14385788e-03,-1.21958055e-01,6.51104400e-02,4.57034260e-03,1.29796945e-02,2.28764189e-01,1.10995713e-03,9.43824348e-06,1.19189428e-03,-5.00000000e-01,-5.00000000e-01,2.60374111e-03,0.00000000e+00,11,5.28235940e-07,5.85001511e+01,True,True,True,1.42904200e-02,8.86198100e-01,1.47699700e-03,1.42904200e-02,1.45777100e-02,1.44190900e-02,8.93028800e-01,1.48838100e-03,1.44005700e-02,1.46900700e-02,4.24445700e-02,1.96214800e+03,9.08401700e-06,8.22762700e-03,8.73387400e-03,1.45903000e-02,8.86963700e-01,1.47827300e-03,1.43027700e-02,1.45903000e-02,3.46172500e-02,1.72024200e-01,2.86707100e-04,2.77398400e-03,2.82975000e-03,2.39196600e-02,1.65644400e-01,2.76073900e-04,2.67110500e-03,2.72480300e-03,9.03128700e-04,4.14969000e-04,4.14969000e-04,,,1.02351200e-07,1.64827100e-06,1.64827100e-08,,,2.79226800e-02,3.72838600e-04,3.72838600e-04,,,1.33525330e-02,1.17900000e-05,1.53100000e-04,2.00000000e-01,2.56595447e-05,False,4.96776700e-04,1.45936400e-03,beam_UR_at_Z_MID,0.00000000e+00,2.19934511e+00,2.19934511e+00,2.20874286e+00,8.49673203e-01,1.24951969e+00,1.24951971e+00,0.00000000e+00
26,-1.60186826e-01,-5.24286300e-01,-1.05880406e+01,3.95178157e-03,2.84184992e-03,0.00000000e+00,True,7.96871732e+01,1.95071789e+02,2.85975184e+01,1.18182731e-03,1.41179350e-01,-5.94515580e-02,6.17035940e-03,1.42988597e-02,2.36356157e-01,1.13916639e-03,1.08136742e-05,1.22935636e-03,5.00000000e-01,5.00000000e-01,2.84184992e-03,0.00000000e+00,11,6.97498250e-07,5.26750239e+01,True,True,True,1.62814700e-02,1.06185500e+00,1.76975800e-03,1.62814700e-02,1.66901700e-02,1.64622100e-02,1.07139100e+00,1.78565200e-03,1.64276800e-02,1.68400600e-02,4.85066500e-02,2.50150600e+03,1.15810500e-05,9.01750900e-03,9.71377600e-03,1.67500500e-02,1.06566500e+00,1.77610800e-03,1.63398800e-02,1.67500500e-02,4.40028600e-02,2.29413600e-01,3.82356000e-04,3.51760900e-03,3.60590800e-03,2.61204500e-02,2.20804800e-01,3.68008000e-04,3.38561000e-03,3.47059600e-03,8.43022400e-04,4.62158900e-04,4.62158900e-04,,,1.20976400e-07,2.04424300e-06,2.04424300e-08,,,3.16884100e-02,4.67936300e-04,4.67936300e-04,,,1.47667960e-02,3.03700000e-05,3.22600000e-04,2.29000000e-01,5.53983184e-05,False,5.29470900e-04,1.53705900e-03,beam_UR_at_Z_MID,0.00000000e+00,2.70327473e+00,2.70327473e+00,2.71807289e+00,8.49673203e-01,1.24951985e+00,1.24951969e+00,0.00000000e+00
27,1.79058095e-01,-5.49333089e-01,-1.03965374e+01,4.16179775e-03,3.06159333e-03,0.00000000e+00,True,8.24462577e+01,1.97830873e+02,2.89111346e+01,1.30119894e-03,1.50966020e-01,6.63207700e-02,-6.74580500e-03,1.71444687e-02,2.60230218e-01,1.25110547e-03,1.14828571e-05,1.36022831e-03,-5.00000000e-01,5.00000000e-01,3.06159333e-03,0.00000000e+00,11,7.91184050e-07,5.44591936e+01,True,True,True,1.56717200e-02,1.11861800e+00,1.86436400e-03,1.56717200e-02,1.61240100e-02,1.58481600e-02,1.12886300e+00,1.88143800e-03,1.58152400e-02,1.62716800e-02,4.79293400e-02,3.25885900e+03,1.50873100e-05,8.96126700e-03,9.75975800e-03,1.62190200e-02,1.12521000e+00,1.87535000e-03,1.57640600e-02,1.62190200e-02,4.06498500e-02,2.50018200e-01,4.16697100e-04,3.50272700e-03,3.60381800e-03,2.36972500e-02,2.34062100e-01,3.90103600e-04,3.27918400e-03,3.37382300e-03,1.69125500e-06,9.77182700e-07,9.77182700e-07,,,1.35323100e-11,2.50391700e-10,2.50391700e-12,,,3.06997200e-02,5.43000300e-04,5.43000300e-04,,,1.76874690e-02,4.78500000e-05,2.21300000e-04,2.43000000e-01,8.28171237e-05,False,5.81077900e-04,1.70191000e-03,beam_UR_at_Z_MID,0.00000000e+00,3.12845874e+00,3.12845874e+00,3.14822841e+00,8.49673203e-01,1.24951984e+00,1.24951986e+00,0.00000000e+00
28,1.38261055e-01,-4.54491725e-01,-8.62025367e+00,3.39478873e-03,2.49461565e-03,0.00000000e+00,True,8.18244302e+01,1.97209046e+02,3.48121896e+01,1.05090850e-03,1.25626900e-01,5.14187180e-02,-4.36384400e-03,1.15648513e-02,2.10173853e-01,1.01866397e-03,9.36611407e-06,1.08644187e-03,-5.00000000e-01,5.00000000e-01,2.49461565e-03,0.00000000e+00,11,5.36508940e-07,5.43019716e+01,True,True,True,1.55718000e-02,9.12710800e-01,1.52118500e-03,1.55718000e-02,1.58746200e-02,1.57059100e-02,9.19348300e-01,1.53224700e-03,1.56850400e-02,1.59900700e-02,4.59967900e-02,1.70367900e+03,7.88740300e-06,8.46066900e-03,8.96392600e-03,1.58751700e-02,9.12742300e-01,1.52123700e-03,1.55723400e-02,1.58751700e-02,4.12831500e-02,1.64015600e-01,2.73359300e-04,2.79827700e-03,2.85269400e-03,2.40058400e-02,1.64543600e-01,2.74239400e-04,2.80728700e-03,2.86187900e-03,7.78798500e-04,3.69975100e-04,3.69975100e-04,,,8.60040600e-08,1.30731400e-06,1.30731400e-08,,,3.05133000e-02,3.63988200e-04,3.63988200e-04,,,1.19288396e-02,1.71300000e-05,2.03500000e-04,1.98000000e-01,3.60588553e-05,False,4.70847200e-04,1.38366300e-03,beam_UR_at_Z_MID,0.00000000e+00,2.11679173e+00,2.11679173e+00,2.12602544e+00,8.49673203e-01,1.24951962e+00,1.24951968e+00,0.00000000e+00
29,2.19369269e-01,5.37034755e-01,1.43423824e+01,4.49915416e-03,3.01034495e-03,0.00000000e+00,True,7.16278340e+01,1.87012449e+02,1.64598514e+01,1.17394814e-03,-1.27178270e-01,8.14976700e-02,1.14399465e-02,1.29000758e-02,2.34778188e-01,1.12696150e-03,1.18488497e-05,1.23235865e-03,-5.00000000e-01,-5.00000000e-01,3.01034495e-03,0.00000000e+00,11,7.20099760e-07,4.70638289e+01,True,True,True,1.86172500e-02,1.15518700e+00,1.92531200e-03,1.86172500e-02,1.91498700e-02,1.87029200e-02,1.15152300e+00,1.91920500e-03,1.85581900e-02,1.90891200e-02,5.33654200e-02,2.56132700e+03,1.18579900e-05,1.07214700e-02,1.16682300e-02,1.91265000e-02,1.15377800e+00,1.92296400e-03,1.85945400e-02,1.91265000e-02,5.61806500e-02,4.13372200e-01,6.88953700e-04,6.66199600e-03,6.85258700e-03,6.06750500e-02,3.84375600e-01,6.40625900e-04,6.19468000e-03,6.37190200e-03,7.72420000e-04,4.48107500e-04,4.48107500e-04,,,2.72795300e-07,4.37038400e-06,4.37038400e-08,,,3.37218300e-02,4.50195600e-04,4.50195600e-04,,,1.33502715e-02,1.13800000e-04,9.59700000e-04,2.53000000e-01,1.96169228e-04,False,5.53201100e-04,1.44806000e-03,beam_UR_at_Z_MID,0.00000000e+00,2.70829177e+00,2.70829177e+00,2.71775913e+00,8.49673203e-01,1.24951977e+00,1.24951983e+00,0.00000000e+00
30,-5.91989853e-01,-5.66857883e-02,-3.89252337e+00,3.43801874e-03,2.96136517e-03,0.00000000e+00,True,1.09066219e+02,2.16921407e+02,2.86929209e+01,1.53291855e-03,9.26989540e-04,-2.15871810e-01,8.23407200e-03,4.01368030e-02,3.06577266e-01,1.47529364e-03,1.03896163e-05,1.51661345e-03,5.00000000e-01,-5.00000000e-01,2.96136517e-03,0.00000000e+00,11,1.06787730e-06,7.34090264e+01,True,True,True,1.06827900e-02,1.16057400e+00,1.93429000e-03,1.06827900e-02,1.12043900e-02,1.09145500e-02,1.18416900e+00,1.97361500e-03,1.08999800e-02,1.14321800e-02,3.17573200e-02,5.83815600e+03,2.70285000e-05,4.55314700e-03,5.25318000e-03,1.09297800e-02,1.13212900e+00,1.88688200e-03,1.04209700e-02,1.09297800e-02,1.43494200e-02,3.25493500e-01,5.42489200e-04,2.99608600e-03,3.14237400e-03,1.41052600e-01,2.85772000e-01,4.76286700e-04,2.63046000e-03,2.75889500e-03,3.08193600e-07,1.83307700e-07,1.83307700e-07,,,2.79751500e-12,7.92243300e-11,7.92243300e-13,,,2.04498500e-02,8.37927000e-04,8.37927000e-04,,,4.09747300e-02,9.04000000e-04,4.09200000e-05,2.17000000e-01,1.52010024e-03,False,7.87872300e-04,2.64390700e-03,beam_UR_at_Z_MID,0.00000000e+00,5.53107309e+00,5.53107309e+00,5.53383780e+00,8.49673203e-01,1.24951999e+00,1.24951992e+00,0.00000000e+00
